StageIndex;idTime;idDistance;idRevolutions;idWork;idCadence;idHeartrate;idSpeed;idTransmission;idPedalForce;idPower;idInclination;idWorkPerBeat
0;0;0;0;0;57;119;30,9;9,01;42;43;-1,67;21
0;505;4;0;0;60;119;32,4;9,01;47;50;-1,78;25
0;1009;9;1;0;68;119;36,9;9,01;41;50;-2,52;25
0;1513;14;2;0;78;120;42,0;9,01;41;57;-3,35;28
0;2017;20;2;0;83;120;44,6;9,01;42;61;-3,83;31
0;2521;27;3;0;87;120;47,2;9,01;42;66;-4,30;33
0;3025;33;4;0;87;120;46,9;9,01;42;65;-4,25;33
0;3529;40;4;0;84;120;45,6;9,01;42;63;-4,00;31
0;4033;46;5;0;82;120;44,3;9,01;42;61;-3,77;30
0;4537;52;6;0;79;121;43,0;9,01;41;59;-3,53;29
0;5041;58;6;0;78;121;42,0;9,01;41;57;-3,36;28
0;5545;64;7;0;76;121;41,3;9,01;41;56;-3,24;28
0;6049;70;8;0;76;121;40,9;9,01;41;55;-3,18;27
0;6553;76;8;0;76;122;41,1;9,01;41;55;-3,21;27
0;7057;81;9;0;77;122;41,7;9,01;41;56;-3,31;28
0;7561;87;10;0;77;123;41,7;9,01;41;57;-3,30;28
0;8065;93;10;0;77;123;41,9;9,01;41;57;-3,35;28
0;8569;99;11;0;77;124;41,8;9,01;41;57;-3,33;27
0;9073;105;12;1;77;125;41,4;9,01;41;56;-3,27;27
0;9577;111;12;1;77;126;41,5;9,01;41;56;-3,28;27
0;10081;116;13;1;77;126;41,9;9,01;41;57;-3,34;27
0;10585;122;14;1;78;127;42,2;9,01;41;57;-3,40;27
0;11089;128;14;1;79;128;42,6;9,01;41;58;-3,46;27
0;11593;134;15;1;79;129;42,8;9,01;41;58;-3,50;27
0;12097;140;16;1;78;130;42,2;9,01;41;57;-3,40;26
0;12601;146;16;1;78;131;42,1;9,01;41;57;-3,38;26
0;13105;152;17;1;78;132;42,1;9,01;41;57;-3,39;26
0;13609;158;18;1;78;132;42,1;9,01;41;57;-3,38;26
0;14113;164;18;1;78;133;42,0;9,01;41;57;-3,36;26
0;14617;170;19;1;77;133;41,9;9,01;41;57;-3,34;26
0;15121;176;19;1;78;135;41,9;9,01;41;57;-3,35;25
0;15642;182;20;1;78;135;42,4;9,01;41;57;-3,43;26
0;16147;188;21;1;78;135;42,2;9,01;41;57;-3,40;25
0;16651;193;21;1;78;136;42,0;9,01;41;57;-3,35;25
0;17155;199;22;1;77;136;41,8;9,01;41;57;-3,33;25
0;17659;205;23;1;78;136;42,0;9,01;41;57;-3,36;25
0;18163;211;23;1;77;137;41,8;9,01;41;56;-3,34;25
0;18667;217;24;1;77;137;41,7;9,01;41;56;-3,32;25
0;19171;223;25;1;77;137;41,8;9,01;41;56;-3,32;25
0;19675;229;25;1;78;138;42,1;9,01;41;57;-3,38;25
0;20179;235;26;1;78;138;42,4;9,01;41;58;-3,42;25
0;20683;240;27;1;78;138;42,0;9,01;41;57;-3,36;25
0;21187;246;27;1;77;138;41,7;9,01;41;56;-3,32;25
0;21691;252;28;1;77;138;41,8;9,01;41;57;-3,32;25
0;22195;258;29;1;77;138;41,8;9,01;41;56;-3,33;25
0;22699;264;29;1;78;138;41,9;9,01;41;57;-3,35;25
0;23203;270;30;1;77;138;41,8;9,01;41;57;-3,33;25
0;23707;276;31;1;78;138;41,9;9,01;41;57;-3,35;25
0;24211;281;31;1;78;138;42,4;9,01;41;58;-3,42;25
0;24715;287;32;1;78;139;42,3;9,01;41;58;-3,41;25
0;25219;293;33;1;79;139;42,5;9,01;41;58;-3,44;25
0;25723;299;33;1;79;139;42,5;9,01;41;58;-3,44;25
0;26227;305;34;1;77;139;41,8;9,01;41;57;-3,33;24
0;26731;311;35;2;77;139;41,5;9,01;41;56;-3,28;24
0;27235;317;35;2;77;139;41,6;9,01;41;56;-3,29;24
0;27739;323;36;2;78;139;42,1;9,01;41;57;-3,38;25
0;28243;329;36;2;79;139;42,8;9,01;41;58;-3,49;25
0;28747;335;37;2;79;139;42,8;9,01;41;58;-3,49;25
0;29251;341;38;2;79;139;42,8;9,01;41;58;-3,49;25
0;29755;347;38;2;79;139;42,8;9,01;41;58;-3,51;25
0;30260;353;39;2;79;138;42,9;9,01;41;58;-3,51;25
0;30764;359;40;2;79;138;42,5;9,01;41;58;-3,45;25
0;31268;365;40;2;78;138;42,1;9,01;41;57;-3,38;25
0;31772;370;41;2;78;138;41,9;9,01;41;57;-3,35;25
0;32276;376;42;2;78;138;42,2;9,01;41;57;-3,40;25
0;32780;382;42;2;79;138;42,6;9,01;41;58;-3,47;25
0;33284;388;43;2;79;138;43,0;9,01;41;59;-3,53;25
0;33788;394;44;2;79;137;42,9;9,01;41;58;-3,52;26
0;34292;400;44;2;78;137;42,4;9,01;41;58;-3,43;25
0;34796;406;45;2;78;137;42,1;9,01;41;57;-3,38;25
0;35300;412;46;2;78;136;42,1;9,01;41;57;-3,38;25
0;35804;418;46;2;78;136;42,1;9,01;41;57;-3,38;25
0;36308;424;47;2;78;136;42,3;9,01;41;57;-3,41;25
0;36812;430;48;2;79;135;42,5;9,01;41;58;-3,44;26
0;37316;436;48;2;78;135;42,3;9,01;41;58;-3,42;26
0;37820;442;49;2;78;134;42,3;9,01;41;57;-3,42;26
0;38324;448;50;2;78;134;42,4;9,01;41;57;-3,43;26
0;38828;454;50;2;79;134;42,6;9,01;41;58;-3,46;26
0;39332;459;51;2;79;133;42,6;9,01;41;58;-3,46;26
0;39836;465;52;2;78;133;42,4;9,01;41;57;-3,43;26
0;40340;471;52;2;78;133;42,2;9,01;41;57;-3,39;26
0;40844;477;53;2;78;133;42,3;9,01;41;57;-3,42;26
0;41348;483;54;2;79;133;42,6;9,01;41;58;-3,46;26
0;41852;489;54;2;79;133;42,8;9,01;41;58;-3,49;26
0;42356;495;55;2;79;133;42,6;9,01;41;58;-3,46;26
0;42860;501;56;2;78;133;42,4;9,01;41;57;-3,43;26
0;43364;507;56;2;79;133;42,5;9,01;41;58;-3,45;26
0;43868;513;57;3;78;133;42,2;9,01;41;57;-3,39;26
0;44372;519;58;3;78;133;42,0;9,01;41;57;-3,36;26
0;44876;525;58;3;78;133;42,2;9,01;41;57;-3,40;26
0;45380;531;59;3;78;133;42,4;9,01;41;57;-3,43;26
0;45884;537;60;3;79;133;42,5;9,01;41;58;-3,44;26
0;46388;543;60;3;78;133;42,4;9,01;41;57;-3,42;26
0;46892;548;61;3;78;133;42,3;9,01;41;57;-3,41;26
0;47396;554;62;3;79;133;42,5;9,01;41;58;-3,44;26
0;47900;560;62;3;78;133;42,4;9,01;41;58;-3,44;26
0;48404;566;63;3;79;133;42,5;9,01;41;58;-3,44;26
0;48908;572;63;3;79;133;42,6;9,01;41;58;-3,47;26
0;49412;578;64;3;79;133;42,6;9,01;41;58;-3,47;26
0;49934;584;65;3;79;133;42,6;9,01;41;58;-3,46;26
0;50438;590;65;3;79;133;42,5;9,01;41;58;-3,44;26
0;50942;596;66;3;78;133;42,3;9,01;41;57;-3,42;26
0;51446;602;67;3;78;133;42,2;9,01;41;57;-3,40;26
0;51950;608;67;3;78;132;41,9;9,01;41;57;-3,35;26
0;52454;614;68;3;77;132;41,9;9,01;41;57;-3,34;26
0;52958;620;69;3;78;132;42,4;9,01;41;58;-3,44;26
0;53462;626;69;3;79;132;42,7;9,01;41;58;-3,48;26
0;53966;632;70;3;79;132;42,8;9,01;41;58;-3,49;27
0;54470;638;71;3;79;132;42,6;9,01;41;58;-3,47;26
0;54974;644;71;3;79;132;42,6;9,01;41;58;-3,46;26
0;55478;650;72;3;79;132;42,8;9,01;41;58;-3,50;26
0;55982;656;73;3;79;132;42,9;9,01;41;58;-3,52;26
0;56486;662;73;3;79;132;42,8;9,01;41;58;-3,50;26
0;56990;668;74;3;79;132;42,7;9,01;41;58;-3,49;26
0;57494;674;75;3;79;132;42,8;9,01;41;58;-3,51;26
0;57998;680;75;3;79;132;43,0;9,01;41;59;-3,53;27
0;58502;686;76;3;79;131;43,0;9,01;41;59;-3,53;27
0;59006;692;77;3;79;131;42,8;9,01;41;58;-3,50;27
0;59510;698;77;3;79;131;42,7;9,01;41;58;-3,48;27
1;60014;704;78;3;79;131;42,8;9,01;41;58;-3,50;27
1;60518;710;79;3;79;131;42,8;9,01;53;75;-3,30;34
1;61022;716;79;4;79;131;42,6;9,01;53;75;-3,27;34
1;61526;722;80;4;79;131;42,5;9,01;54;75;-3,23;34
1;62030;728;81;4;79;131;42,5;9,01;54;75;-3,24;34
1;62534;734;81;4;79;131;42,7;9,01;53;75;-3,28;34
1;63038;740;82;4;80;131;43,1;9,01;53;75;-3,35;34
1;63542;746;83;4;79;131;42,5;9,01;54;75;-3,25;34
1;64046;751;83;4;79;131;42,5;9,01;54;75;-3,23;34
1;64550;757;84;4;79;131;42,7;9,01;53;75;-3,28;34
1;65054;763;85;4;79;131;42,8;9,01;53;75;-3,30;34
1;65558;769;85;4;79;131;43,0;9,01;53;75;-3,33;34
1;66062;775;86;4;79;131;42,9;9,01;53;75;-3,32;34
1;66566;781;87;4;79;131;43,0;9,01;53;75;-3,33;34
1;67085;788;87;4;79;131;42,9;9,01;53;75;-3,32;34
1;67589;794;88;4;79;130;43,0;9,01;53;75;-3,33;35
1;68093;800;89;4;79;130;42,9;9,01;53;75;-3,31;35
1;68597;806;89;4;79;130;42,7;9,01;53;75;-3,29;35
1;69101;812;90;4;79;130;42,8;9,01;53;75;-3,31;35
1;69605;818;91;4;80;130;43,0;9,01;53;75;-3,34;35
1;70109;824;91;4;80;130;43,1;9,01;53;75;-3,36;35
1;70613;830;92;4;79;130;43,0;9,01;53;75;-3,33;35
1;71117;836;93;4;79;130;42,7;9,01;53;75;-3,28;35
1;71621;842;93;4;79;129;42,8;9,01;53;75;-3,31;35
1;72125;848;94;4;79;129;43,0;9,01;53;75;-3,33;35
1;72629;854;95;4;80;129;43,1;9,01;53;75;-3,36;35
1;73133;860;95;4;80;129;43,2;9,01;53;75;-3,37;35
1;73637;866;96;4;80;129;43,3;9,01;53;75;-3,39;35
1;74141;872;97;4;80;129;43,5;9,01;52;75;-3,44;35
1;74645;878;97;5;80;129;43,2;9,01;53;75;-3,37;35
1;75149;884;98;5;79;129;42,7;9,01;53;75;-3,28;35
1;75653;890;99;5;79;129;42,6;9,01;53;75;-3,26;35
1;76157;896;99;5;79;129;42,5;9,01;54;75;-3,24;35
1;76661;902;100;5;78;129;42,4;9,01;54;75;-3,22;35
1;77165;908;101;5;78;128;42,3;9,01;54;75;-3,20;35
1;77669;914;101;5;78;128;42,2;9,01;54;75;-3,18;35
1;78173;920;102;5;78;128;42,4;9,01;54;75;-3,22;35
1;78677;926;103;5;79;128;42,6;9,01;53;75;-3,26;35
1;79181;932;103;5;78;128;42,4;9,01;54;75;-3,23;35
1;79685;937;104;5;78;128;42,2;9,01;54;75;-3,18;35
1;80208;944;105;5;79;128;42,8;9,01;53;75;-3,29;35
1;80712;950;105;5;79;128;43,0;9,01;53;75;-3,34;35
1;81216;956;106;5;79;128;42,9;9,01;53;75;-3,32;35
1;81720;962;107;5;80;128;43,1;9,01;53;75;-3,35;35
1;82224;968;107;5;80;129;43,1;9,01;53;75;-3,35;35
1;82728;974;108;5;80;129;43,1;9,01;53;75;-3,37;35
1;83232;980;109;5;79;129;43,0;9,01;53;75;-3,33;35
1;83736;986;109;5;79;129;42,8;9,01;53;75;-3,29;35
1;84240;992;110;5;79;129;42,7;9,01;53;75;-3,28;35
1;84745;998;111;5;79;129;42,8;9,01;53;75;-3,31;35
1;85249;1004;111;5;79;129;42,9;9,01;53;75;-3,32;35
1;85753;1010;112;5;78;129;42,4;9,01;54;75;-3,23;35
1;86257;1016;113;5;78;129;42,4;9,01;54;75;-3,21;35
1;86761;1022;113;5;79;129;42,7;9,01;53;75;-3,28;35
1;87265;1028;114;5;79;129;42,8;9,01;53;75;-3,29;35
1;87769;1034;115;6;79;129;42,7;9,01;53;75;-3,29;35
1;88273;1040;115;6;79;129;42,7;9,01;53;75;-3,28;35
1;88777;1046;116;6;79;129;42,6;9,01;53;75;-3,26;35
1;89281;1051;117;6;79;128;42,6;9,01;53;75;-3,26;35
1;89785;1057;117;6;79;128;42,7;9,01;53;75;-3,28;35
1;90289;1063;118;6;79;128;42,8;9,01;53;75;-3,29;35
1;90793;1069;119;6;79;128;42,6;9,01;53;75;-3,26;35
1;91297;1075;119;6;79;128;42,5;9,01;54;75;-3,24;35
1;91801;1081;120;6;78;128;42,4;9,01;54;75;-3,21;35
1;92305;1087;121;6;78;128;42,2;9,01;54;75;-3,17;35
1;92809;1093;121;6;78;128;42,3;9,01;54;75;-3,20;35
1;93313;1099;122;6;79;128;42,5;9,01;54;75;-3,24;35
1;93817;1105;123;6;78;128;42,3;9,01;54;75;-3,19;35
1;94322;1111;123;6;77;129;41,8;9,01;54;75;-3,10;35
1;94826;1117;124;6;77;129;41,4;9,01;55;75;-3,03;35
1;95330;1123;125;6;79;129;42,6;9,01;54;75;-3,25;35
1;95834;1129;125;6;80;129;43,0;9,01;53;75;-3,34;35
1;96338;1135;126;6;80;129;43,0;9,01;53;75;-3,35;35
1;96842;1141;127;6;79;129;42,8;9,01;53;75;-3,30;35
1;97346;1147;127;6;79;128;42,5;9,01;54;75;-3,24;35
1;97850;1153;128;6;79;128;42,5;9,01;54;75;-3,24;35
1;98354;1159;129;6;79;128;42,7;9,01;53;75;-3,29;35
1;98858;1165;129;6;79;128;42,8;9,01;53;75;-3,30;35
1;99362;1170;130;6;79;128;42,7;9,01;53;75;-3,29;35
1;99866;1177;131;6;80;127;43,2;9,01;53;75;-3,39;35
1;100370;1183;131;6;80;127;43,3;9,01;53;75;-3,39;35
1;100874;1189;132;7;80;127;43,1;9,01;53;75;-3,35;35
1;101378;1195;133;7;79;127;42,9;9,01;53;75;-3,33;35
1;101882;1201;133;7;79;127;42,8;9,01;53;75;-3,30;35
1;102386;1207;134;7;79;127;42,6;9,01;53;75;-3,27;35
1;102890;1213;135;7;79;127;42,6;9,01;53;75;-3,26;35
1;103394;1219;135;7;79;127;42,7;9,01;53;75;-3,28;35
1;103898;1225;136;7;79;127;42,7;9,01;53;75;-3,27;35
1;104402;1231;137;7;79;127;42,6;9,01;53;75;-3,27;35
1;104906;1236;137;7;80;127;43,0;9,01;53;75;-3,34;35
1;105410;1243;138;7;79;128;43,0;9,01;53;75;-3,33;35
1;105914;1249;139;7;79;128;42,9;9,01;53;75;-3,32;35
1;106418;1255;139;7;80;128;43,1;9,01;53;75;-3,36;35
1;106922;1261;140;7;80;128;43,2;9,01;53;75;-3,37;35
1;107426;1267;141;7;80;128;43,0;9,01;53;75;-3,35;35
1;107930;1273;141;7;79;128;42,7;9,01;53;75;-3,28;35
1;108434;1279;142;7;79;128;42,5;9,01;54;75;-3,23;35
1;108938;1285;143;7;79;128;42,6;9,01;54;75;-3,25;35
1;109442;1291;143;7;79;128;42,6;9,01;54;75;-3,25;35
1;109946;1296;144;7;79;128;42,6;9,01;53;75;-3,26;35
1;110450;1302;145;7;79;128;42,8;9,01;53;75;-3,31;35
1;110954;1308;145;7;79;127;42,9;9,01;53;75;-3,32;35
1;111458;1314;146;7;79;127;42,8;9,01;53;75;-3,29;35
1;111962;1320;146;7;79;127;42,5;9,01;54;75;-3,24;35
1;112466;1326;147;7;79;127;42,6;9,01;53;75;-3,26;35
1;112970;1332;148;7;79;127;42,8;9,01;53;75;-3,30;35
1;113474;1338;148;7;79;127;42,9;9,01;53;75;-3,31;35
1;113978;1344;149;7;80;127;43,0;9,01;53;75;-3,34;35
1;114482;1350;150;8;80;127;43,0;9,01;53;75;-3,34;35
1;114986;1356;150;8;79;127;42,7;9,01;53;75;-3,28;35
1;115490;1362;151;8;79;128;42,8;9,01;53;75;-3,30;35
1;115994;1368;152;8;80;128;43,3;9,01;53;75;-3,40;35
1;116498;1374;152;8;80;128;43,3;9,01;53;75;-3,40;35
1;117002;1380;153;8;80;128;43,0;9,01;53;75;-3,34;35
1;117506;1386;154;8;79;128;42,7;9,01;53;75;-3,29;35
1;118010;1392;154;8;78;128;42,3;9,01;54;75;-3,20;35
1;118514;1398;155;8;78;128;41,9;9,01;54;75;-3,13;35
1;119018;1404;156;8;78;128;42,1;9,01;54;75;-3,16;35
1;119522;1410;156;8;79;127;42,6;9,01;53;75;-3,27;35
2;120026;1416;157;8;79;127;43,0;9,01;53;75;-3,33;35
2;120530;1422;158;8;79;127;42,5;9,01;71;100;-2,94;47
2;121034;1428;158;8;77;127;41,7;9,01;73;100;-2,78;47
2;121538;1434;159;8;77;127;41,6;9,01;73;100;-2,76;47
2;122042;1440;160;8;78;127;42,4;9,01;72;100;-2,91;47
2;122546;1446;160;8;79;127;43,0;9,01;71;100;-3,04;47
2;123050;1452;161;8;79;128;42,8;9,01;71;100;-3,01;47
2;123554;1458;162;8;78;128;42,4;9,01;72;100;-2,93;47
2;124058;1464;162;8;78;128;42,3;9,01;72;100;-2,90;47
2;124562;1470;163;8;78;128;42,1;9,01;72;100;-2,86;47
2;125066;1475;164;8;78;128;42,2;9,01;72;100;-2,88;47
2;125570;1481;164;8;79;128;42,6;9,01;71;100;-2,96;47
2;126074;1487;165;9;79;128;42,6;9,01;71;100;-2,96;47
2;126578;1493;166;9;79;129;42,6;9,01;71;100;-2,95;47
2;127082;1499;166;9;78;129;42,4;9,01;72;100;-2,91;47
2;127586;1505;167;9;78;129;42,2;9,01;72;100;-2,88;47
2;128090;1511;168;9;79;129;42,7;9,01;71;100;-2,98;47
2;128594;1517;168;9;79;129;42,9;9,01;71;100;-3,03;47
2;129098;1523;169;9;79;129;42,7;9,01;71;100;-2,97;47
2;129602;1529;170;9;79;129;42,8;9,01;71;100;-3,00;47
2;130106;1535;170;9;79;129;42,9;9,01;71;100;-3,03;47
2;130610;1541;171;9;80;129;43,1;9,01;71;100;-3,06;47
2;131114;1547;172;9;79;130;42,9;9,01;71;100;-3,03;46
2;131618;1553;172;9;79;130;42,8;9,01;71;100;-3,00;46
2;132122;1559;173;9;79;130;42,7;9,01;71;100;-2,97;46
2;132626;1565;174;9;78;130;42,4;9,01;72;100;-2,92;46
2;133130;1571;174;9;79;130;42,5;9,01;71;100;-2,94;46
2;133634;1577;175;9;79;130;42,6;9,01;71;100;-2,97;46
2;134138;1583;176;9;79;130;42,5;9,01;71;100;-2,94;46
2;134642;1589;176;9;78;130;42,4;9,01;72;100;-2,92;46
2;135146;1595;177;9;78;130;42,4;9,01;72;100;-2,92;46
2;135650;1601;178;9;79;130;42,5;9,01;71;100;-2,95;46
2;136154;1607;178;10;79;131;42,6;9,01;71;100;-2,95;46
2;136658;1613;179;10;79;131;42,6;9,01;71;100;-2,96;46
2;137162;1619;180;10;79;131;42,5;9,01;71;100;-2,95;46
2;137666;1625;180;10;79;131;42,6;9,01;71;100;-2,96;46
2;138170;1631;181;10;79;131;42,6;9,01;71;100;-2,97;46
2;138674;1637;182;10;79;132;42,9;9,01;71;100;-3,03;45
2;139178;1643;182;10;79;132;43,0;9,01;71;100;-3,04;45
2;139682;1649;183;10;79;132;42,8;9,01;71;100;-3,00;45
2;140186;1655;184;10;79;133;42,9;9,01;71;100;-3,02;45
2;140690;1661;184;10;79;133;42,9;9,01;71;100;-3,03;45
2;141194;1667;185;10;80;133;43,1;9,01;71;100;-3,06;45
2;141698;1673;186;10;80;133;43,0;9,01;71;100;-3,05;45
2;142202;1679;186;10;79;133;42,8;9,01;71;100;-3,01;45
2;142706;1685;187;10;79;133;42,7;9,01;71;100;-2,98;45
2;143210;1691;188;10;78;133;42,4;9,01;72;100;-2,92;45
2;143714;1697;188;10;78;133;42,3;9,01;72;100;-2,90;45
2;144218;1702;189;10;78;133;42,4;9,01;72;100;-2,92;45
2;144722;1708;190;10;78;133;42,4;9,01;72;100;-2,92;45
2;145226;1714;190;10;79;133;42,6;9,01;71;100;-2,96;45
2;145730;1720;191;10;79;133;42,7;9,01;71;100;-2,98;45
2;146234;1726;192;11;79;133;42,8;9,01;71;100;-3,00;45
2;146738;1732;192;11;79;133;43,0;9,01;71;100;-3,04;45
2;147242;1738;193;11;80;133;43,0;9,01;71;100;-3,04;45
2;147746;1744;194;11;79;133;43,0;9,01;71;100;-3,04;45
2;148250;1750;194;11;80;132;43,1;9,01;70;100;-3,07;45
2;148754;1756;195;11;80;132;43,4;9,01;70;100;-3,11;45
2;149258;1762;196;11;80;132;43,5;9,01;70;100;-3,14;45
2;149762;1769;196;11;80;132;43,2;9,01;70;100;-3,08;45
2;150266;1775;197;11;79;131;42,7;9,01;71;100;-2,98;46
2;150770;1781;198;11;79;131;42,9;9,01;71;100;-3,03;46
2;151274;1787;198;11;79;131;42,8;9,01;71;100;-2,99;46
2;151778;1793;199;11;79;131;42,8;9,01;71;100;-3,00;46
2;152282;1799;200;11;79;131;43,0;9,01;71;100;-3,03;46
2;152786;1805;200;11;79;131;42,9;9,01;71;100;-3,02;46
2;153290;1811;201;11;80;131;43,1;9,01;71;100;-3,05;46
2;153794;1817;202;11;80;131;43,2;9,01;70;100;-3,08;46
2;154298;1823;202;11;79;131;42,9;9,01;71;100;-3,02;46
2;154802;1829;203;11;79;131;43,0;9,01;71;100;-3,03;46
2;155306;1835;204;11;79;131;43,0;9,01;71;100;-3,03;46
2;155810;1841;204;12;80;131;43,1;9,01;70;100;-3,07;46
2;156314;1847;205;12;80;131;43,3;9,01;70;100;-3,10;46
2;156818;1853;206;12;80;131;43,2;9,01;70;100;-3,09;46
2;157322;1859;206;12;80;131;43,3;9,01;70;100;-3,10;46
2;157826;1865;207;12;79;131;43,0;9,01;71;100;-3,04;46
2;158330;1871;208;12;79;131;42,8;9,01;71;100;-3,00;46
2;158834;1877;208;12;79;131;43,0;9,01;71;100;-3,03;46
2;159338;1883;209;12;80;130;43,2;9,01;70;100;-3,08;46
2;159842;1889;210;12;80;130;43,0;9,01;71;100;-3,05;46
2;160346;1895;210;12;79;130;43,0;9,01;71;100;-3,03;46
2;160850;1901;211;12;79;131;42,9;9,01;71;100;-3,02;46
2;161354;1907;212;12;79;131;42,7;9,01;71;100;-2,98;46
2;161858;1913;212;12;79;131;42,6;9,01;71;100;-2,96;46
2;162362;1919;213;12;79;131;42,6;9,01;71;100;-2,97;46
2;162867;1925;214;12;79;131;42,5;9,01;72;100;-2,93;46
2;163371;1931;214;12;78;131;42,4;9,01;72;100;-2,92;46
2;163875;1937;215;12;79;132;42,8;9,01;71;100;-2,99;45
2;164379;1943;216;12;80;132;43,1;9,01;71;100;-3,06;45
2;164883;1949;216;12;80;132;43,0;9,01;71;100;-3,05;45
2;165387;1955;217;12;80;132;43,0;9,01;71;100;-3,04;45
2;165891;1961;218;13;80;132;43,3;9,01;70;100;-3,10;45
2;166395;1967;218;13;80;132;43,5;9,01;70;100;-3,14;45
2;166917;1973;219;13;80;132;43,5;9,01;70;100;-3,14;45
2;167421;1979;220;13;80;132;43,0;9,01;71;100;-3,04;45
2;167925;1985;220;13;79;131;42,8;9,01;71;100;-3,00;46
2;168429;1991;221;13;80;131;43,1;9,01;70;100;-3,07;46
2;168933;1997;222;13;80;131;43,5;9,01;70;100;-3,14;46
2;169437;2003;222;13;80;131;43,3;9,01;70;100;-3,10;46
2;169941;2010;223;13;79;131;42,8;9,01;71;100;-2,99;46
2;170445;2015;224;13;78;131;42,4;9,01;72;100;-2,93;46
2;170949;2021;224;13;79;132;43,0;9,01;71;100;-3,04;45
2;171453;2027;225;13;81;132;43,6;9,01;70;100;-3,17;45
2;171957;2034;226;13;81;132;44,0;9,01;69;100;-3,24;45
2;172461;2040;226;13;81;132;43,6;9,01;70;100;-3,16;45
2;172965;2046;227;13;80;133;43,4;9,01;70;100;-3,12;45
2;173469;2052;228;13;81;133;43,6;9,01;70;100;-3,16;45
2;173973;2058;228;13;81;133;43,6;9,01;70;100;-3,17;45
2;174477;2064;229;13;81;133;43,5;9,01;70;100;-3,15;45
2;174981;2070;230;13;80;133;43,2;9,01;70;100;-3,09;45
2;175485;2076;230;13;81;133;43,6;9,01;70;100;-3,17;45
2;175989;2082;231;14;81;133;43,9;9,01;69;100;-3,24;45
2;176493;2089;232;14;81;133;44,0;9,01;69;100;-3,26;45
2;176997;2095;232;14;81;133;43,9;9,01;69;100;-3,22;45
2;177501;2101;233;14;81;133;43,8;9,01;69;100;-3,20;45
2;178005;2107;234;14;81;133;43,8;9,01;69;100;-3,20;45
2;178509;2113;234;14;81;132;43,9;9,01;69;100;-3,22;45
2;179013;2119;235;14;81;132;43,9;9,01;69;100;-3,23;45
2;179517;2125;236;14;81;132;44,0;9,01;69;100;-3,25;45
3;180021;2132;236;14;81;132;44,1;9,01;69;100;-3,26;45
3;180525;2138;237;14;81;132;44,0;9,01;86;125;-2,95;57
3;181029;2144;238;14;80;132;43,5;9,01;87;125;-2,85;57
3;181533;2150;239;14;80;132;43,0;9,01;88;125;-2,75;57
3;182037;2156;239;14;79;132;42,9;9,01;88;125;-2,73;57
3;182541;2162;240;14;79;132;42,9;9,01;89;125;-2,72;57
3;183045;2168;241;14;79;132;42,6;9,01;89;125;-2,67;57
3;183549;2174;241;14;79;132;42,8;9,01;89;125;-2,70;57
3;184053;2180;242;14;80;133;43,3;9,01;88;125;-2,80;56
3;184557;2186;243;14;80;133;43,1;9,01;88;125;-2,76;56
3;185061;2192;243;15;79;133;42,7;9,01;89;125;-2,68;56
3;185565;2198;244;15;80;133;43,0;9,01;88;125;-2,74;56
3;186069;2204;245;15;80;133;43,2;9,01;88;125;-2,79;56
3;186573;2210;245;15;80;133;43,0;9,01;88;125;-2,75;56
3;187077;2216;246;15;80;133;43,3;9,01;88;125;-2,80;56
3;187581;2222;247;15;80;133;43,5;9,01;87;125;-2,84;56
3;188085;2228;247;15;80;133;43,4;9,01;87;125;-2,83;56
3;188589;2234;248;15;80;133;43,0;9,01;88;125;-2,75;56
3;189093;2240;249;15;79;134;42,9;9,01;89;125;-2,72;56
3;189597;2246;249;15;80;134;43,2;9,01;88;125;-2,79;56
3;190101;2252;250;15;80;134;43,3;9,01;88;125;-2,80;56
3;190605;2258;251;15;80;134;43,3;9,01;88;125;-2,80;56
3;191109;2265;251;15;80;134;43,1;9,01;88;125;-2,76;56
3;191613;2271;252;15;79;135;42,8;9,01;89;125;-2,70;56
3;192117;2277;253;15;80;135;43,2;9,01;88;125;-2,79;56
3;192621;2283;253;15;81;135;43,6;9,01;87;125;-2,88;56
3;193125;2289;254;16;80;135;43,5;9,01;87;125;-2,86;56
3;193629;2295;255;16;79;136;42,9;9,01;88;125;-2,73;55
3;194133;2301;255;16;79;136;42,8;9,01;89;125;-2,70;55
3;194637;2307;256;16;80;136;43,4;9,01;87;125;-2,83;55
3;195141;2313;257;16;81;136;43,6;9,01;87;125;-2,88;55
3;195645;2319;257;16;80;137;43,5;9,01;87;125;-2,85;55
3;196149;2325;258;16;80;137;43,3;9,01;88;125;-2,80;55
3;196653;2331;259;16;80;137;43,0;9,01;88;125;-2,75;55
3;197157;2337;259;16;80;137;43,4;9,01;88;125;-2,83;55
3;197661;2343;260;16;81;138;43,8;9,01;87;125;-2,92;54
3;198165;2349;261;16;81;138;43,6;9,01;87;125;-2,86;54
3;198669;2355;261;16;80;138;43,4;9,01;88;125;-2,82;54
3;199173;2362;262;16;80;138;43,2;9,01;88;125;-2,80;54
3;199677;2368;263;16;80;139;43,5;9,01;87;125;-2,86;54
3;200181;2374;263;16;81;139;43,6;9,01;87;125;-2,88;54
3;200685;2380;264;17;81;139;43,7;9,01;87;125;-2,89;54
3;201189;2386;265;17;81;140;43,7;9,01;87;125;-2,90;54
3;201693;2392;265;17;81;140;43,6;9,01;87;125;-2,87;54
3;202197;2398;266;17;80;140;43,3;9,01;88;125;-2,81;54
3;202701;2404;267;17;79;140;43,0;9,01;88;125;-2,74;54
3;203205;2410;267;17;79;140;42,8;9,01;89;125;-2,70;54
3;203709;2416;268;17;79;140;42,9;9,01;88;125;-2,73;54
3;204213;2422;269;17;80;141;43,2;9,01;88;125;-2,78;53
3;204717;2428;269;17;80;141;43,4;9,01;87;125;-2,83;53
3;205221;2434;270;17;80;141;43,5;9,01;87;125;-2,85;53
3;205725;2440;271;17;81;141;43,8;9,01;87;125;-2,92;53
3;206229;2447;271;17;81;141;44,0;9,01;86;125;-2,96;53
3;206733;2453;272;17;80;141;43,4;9,01;87;125;-2,84;53
3;207237;2459;273;17;81;142;43,7;9,01;87;125;-2,89;53
3;207741;2465;273;17;81;142;44,0;9,01;86;125;-2,96;53
3;208245;2471;274;17;81;142;43,6;9,01;87;125;-2,87;53
3;208749;2477;275;18;80;142;43,2;9,01;88;125;-2,79;53
3;209253;2483;276;18;79;142;42,9;9,01;89;125;-2,72;53
3;209757;2489;276;18;79;142;42,6;9,01;89;125;-2,67;53
3;210261;2495;277;18;79;142;42,5;9,01;89;125;-2,64;53
3;210765;2501;277;18;79;142;42,8;9,01;89;125;-2,69;53
3;211269;2507;278;18;79;142;42,9;9,01;89;125;-2,72;53
3;211773;2513;279;18;79;143;42,9;9,01;89;125;-2,71;52
3;212277;2519;279;18;79;143;42,9;9,01;88;125;-2,73;52
3;212781;2525;280;18;80;143;43,3;9,01;88;125;-2,80;52
3;213285;2531;281;18;80;143;43,4;9,01;88;125;-2,82;52
3;213789;2537;282;18;81;143;43,7;9,01;87;125;-2,89;52
3;214293;2543;282;18;81;143;43,7;9,01;87;125;-2,89;52
3;214797;2550;283;18;80;144;43,4;9,01;88;125;-2,82;52
3;215301;2556;284;18;80;144;43,4;9,01;87;125;-2,83;52
3;215805;2562;284;18;81;144;43,6;9,01;87;125;-2,87;52
3;216309;2568;285;18;80;144;43,3;9,01;88;125;-2,81;52
3;216813;2574;286;19;80;144;43,2;9,01;88;125;-2,78;52
3;217317;2580;286;19;81;144;43,7;9,01;87;125;-2,89;52
3;217821;2586;287;19;81;144;43,8;9,01;87;125;-2,91;52
3;218325;2592;288;19;80;144;43,4;9,01;88;125;-2,83;52
3;218829;2598;288;19;80;144;43,1;9,01;88;125;-2,77;52
3;219333;2604;289;19;79;144;43,0;9,01;88;125;-2,74;52
3;219837;2610;290;19;80;144;43,2;9,01;88;125;-2,78;52
3;220341;2616;290;19;81;144;43,6;9,01;87;125;-2,87;52
3;220845;2622;291;19;80;144;43,4;9,01;87;125;-2,84;52
3;221349;2628;292;19;80;144;43,4;9,01;88;125;-2,82;52
3;221853;2635;292;19;80;144;43,2;9,01;88;125;-2,79;52
3;222375;2641;293;19;80;144;43,3;9,01;88;125;-2,80;52
3;222879;2647;294;19;80;144;43,4;9,01;88;125;-2,82;52
3;223383;2653;294;19;80;144;43,4;9,01;88;125;-2,83;52
3;223887;2659;295;19;81;144;43,6;9,01;87;125;-2,88;52
3;224391;2665;296;19;80;144;43,4;9,01;88;125;-2,82;52
3;224895;2671;296;20;80;145;43,3;9,01;88;125;-2,80;52
3;225399;2677;297;20;80;145;43,3;9,01;88;125;-2,80;52
3;225903;2683;298;20;80;145;43,4;9,01;88;125;-2,82;52
3;226407;2689;298;20;80;145;43,4;9,01;87;125;-2,84;52
3;226911;2695;299;20;80;145;43,3;9,01;88;125;-2,81;52
3;227415;2702;300;20;80;145;43,2;9,01;88;125;-2,79;52
3;227919;2708;300;20;81;144;43,6;9,01;87;125;-2,88;52
3;228423;2714;301;20;81;144;43,6;9,01;87;125;-2,88;52
3;228927;2720;302;20;81;144;43,6;9,01;87;125;-2,86;52
3;229431;2726;302;20;80;144;43,5;9,01;87;125;-2,84;52
3;229935;2732;303;20;80;144;43,4;9,01;88;125;-2,83;52
3;230439;2738;304;20;80;144;43,5;9,01;87;125;-2,85;52
3;230943;2744;304;20;81;143;43,6;9,01;87;125;-2,88;52
3;231447;2750;305;20;81;143;43,7;9,01;87;125;-2,90;52
3;231951;2756;306;20;80;143;43,5;9,01;87;125;-2,85;52
3;232455;2762;306;20;81;143;43,8;9,01;87;125;-2,91;52
3;232959;2769;307;21;81;143;43,9;9,01;87;125;-2,93;52
3;233463;2775;308;21;80;143;43,5;9,01;87;125;-2,84;52
3;233967;2781;309;21;80;143;43,4;9,01;87;125;-2,84;52
3;234471;2787;309;21;80;143;43,4;9,01;87;125;-2,84;52
3;234975;2793;310;21;81;143;43,6;9,01;87;125;-2,87;52
3;235479;2799;311;21;80;143;43,5;9,01;87;125;-2,85;52
3;235983;2805;311;21;81;143;43,6;9,01;87;125;-2,88;52
3;236487;2811;312;21;81;142;43,6;9,01;87;125;-2,87;53
3;236991;2817;313;21;80;142;43,5;9,01;87;125;-2,85;53
3;237495;2823;313;21;81;142;43,6;9,01;87;125;-2,88;53
3;237999;2830;314;21;80;142;43,5;9,01;87;125;-2,85;53
3;238503;2836;315;21;80;141;43,3;9,01;88;125;-2,81;53
3;239007;2842;315;21;80;141;43,3;9,01;88;125;-2,81;53
3;239511;2848;316;21;81;141;43,8;9,01;87;125;-2,91;53
4;240015;2854;317;21;82;141;44,5;9,01;85;125;-3,06;53
4;240519;2860;317;21;82;141;44,5;9,01;102;150;-2,77;64
4;241023;2866;318;22;81;141;43,7;9,01;104;150;-2,60;64
4;241527;2872;319;22;80;141;43,4;9,01;105;150;-2,53;64
4;242031;2879;319;22;80;141;43,3;9,01;105;150;-2,51;64
4;242535;2885;320;22;80;141;43,1;9,01;106;150;-2,46;64
4;243039;2891;321;22;79;141;43,0;9,01;106;150;-2,44;64
4;243543;2897;321;22;79;141;42,6;9,01;107;150;-2,35;64
4;244047;2903;322;22;79;141;42,5;9,01;107;150;-2,34;64
4;244551;2909;323;22;79;142;42,7;9,01;107;150;-2,38;63
4;245055;2915;323;22;78;142;42,3;9,01;108;150;-2,30;63
4;245559;2920;324;22;79;142;42,6;9,01;107;150;-2,37;63
4;246063;2926;325;22;80;142;43,3;9,01;105;150;-2,52;63
4;246567;2933;325;22;81;142;44,0;9,01;104;150;-2,66;63
4;247071;2939;326;22;82;142;44,3;9,01;103;150;-2,72;63
4;247575;2945;327;23;81;142;43,6;9,01;104;150;-2,58;63
4;248079;2951;327;23;80;143;43,3;9,01;105;150;-2,52;63
4;248583;2957;328;23;81;143;43,9;9,01;104;150;-2,65;63
4;249087;2963;329;23;82;143;44,3;9,01;103;150;-2,73;63
4;249591;2969;329;23;81;143;43,8;9,01;104;150;-2,62;63
4;250095;2976;330;23;80;143;43,1;9,01;106;150;-2,47;63
4;250599;2982;331;23;80;143;43,2;9,01;105;150;-2,49;63
4;251103;2988;331;23;80;143;43,4;9,01;105;150;-2,53;63
4;251607;2994;332;23;80;143;43,2;9,01;105;150;-2,50;63
4;252111;3000;333;23;80;144;43,1;9,01;106;150;-2,48;63
4;252615;3006;333;23;80;144;43,2;9,01;106;150;-2,48;63
4;253119;3012;334;23;80;144;43,3;9,01;105;150;-2,51;63
4;253623;3018;335;23;80;144;43,2;9,01;105;150;-2,50;63
4;254127;3024;335;24;81;144;43,6;9,01;105;150;-2,58;63
4;254631;3030;336;24;81;144;43,7;9,01;104;150;-2,60;63
4;255135;3036;337;24;81;145;43,6;9,01;105;150;-2,57;62
4;255639;3042;338;24;81;145;43,5;9,01;105;150;-2,57;62
4;256143;3048;338;24;80;145;43,3;9,01;105;150;-2,51;62
4;256647;3054;339;24;80;146;43,2;9,01;106;150;-2,49;62
4;257151;3060;340;24;80;146;43,0;9,01;106;150;-2,46;62
4;257655;3066;340;24;80;146;43,0;9,01;106;150;-2,45;62
4;258159;3072;341;24;80;146;43,0;9,01;106;150;-2,45;62
4;258663;3078;342;24;79;147;42,8;9,01;107;150;-2,40;61
4;259167;3084;342;24;79;147;42,7;9,01;107;150;-2,37;61
4;259671;3090;343;24;79;147;42,9;9,01;106;150;-2,43;61
4;260175;3096;344;24;80;147;43,1;9,01;106;150;-2,47;61
4;260679;3103;344;25;80;148;43,4;9,01;105;150;-2,54;61
4;261183;3109;345;25;80;148;43,4;9,01;105;150;-2,53;61
4;261687;3115;346;25;80;148;43,1;9,01;106;150;-2,47;61
4;262191;3121;346;25;80;148;43,2;9,01;105;150;-2,50;61
4;262695;3127;347;25;80;148;43,2;9,01;105;150;-2,49;61
4;263199;3133;348;25;80;149;43,0;9,01;106;150;-2,45;60
4;263703;3139;348;25;79;149;42,8;9,01;106;150;-2,41;60
4;264207;3145;349;25;80;149;43,0;9,01;106;150;-2,45;60
4;264711;3151;350;25;79;149;43,0;9,01;106;150;-2,44;60
4;265215;3157;350;25;80;149;43,0;9,01;106;150;-2,45;60
4;265719;3163;351;25;80;149;43,2;9,01;105;150;-2,50;60
4;266223;3169;352;25;79;149;42,9;9,01;106;150;-2,43;60
4;266727;3175;352;25;79;149;42,7;9,01;107;150;-2,37;60
4;267231;3181;353;25;79;149;42,9;9,01;106;150;-2,43;60
4;267735;3187;354;26;80;149;43,3;9,01;105;150;-2,51;60
4;268239;3193;354;26;80;150;43,3;9,01;105;150;-2,52;60
4;268743;3199;355;26;80;150;43,4;9,01;105;150;-2,54;60
4;269247;3205;356;26;80;150;43,2;9,01;106;150;-2,48;60
4;269751;3211;356;26;80;150;43,3;9,01;105;150;-2,52;60
4;270255;3217;357;26;81;150;43,6;9,01;105;150;-2,57;60
4;270759;3223;358;26;80;150;43,5;9,01;105;150;-2,56;60
4;271263;3229;358;26;80;150;43,4;9,01;105;150;-2,52;60
4;271767;3235;359;26;79;150;42,9;9,01;106;150;-2,43;60
4;272271;3241;360;26;79;150;42,8;9,01;107;150;-2,39;60
4;272775;3247;360;26;79;150;42,6;9,01;107;150;-2,35;60
4;273279;3253;361;26;78;150;42,2;9,01;108;150;-2,27;60
4;273783;3259;362;26;78;151;42,4;9,01;108;150;-2,30;60
4;274287;3265;362;27;79;151;42,5;9,01;107;150;-2,34;60
4;274791;3271;363;27;78;151;42,4;9,01;108;150;-2,31;60
4;275295;3277;364;27;80;151;43,0;9,01;106;150;-2,45;60
4;275799;3283;364;27;80;151;43,1;9,01;106;150;-2,48;60
4;276303;3289;365;27;79;151;43,0;9,01;106;150;-2,44;60
4;276807;3295;366;27;79;151;42,9;9,01;106;150;-2,43;60
4;277311;3301;366;27;79;151;42,9;9,01;106;150;-2,43;60
4;277815;3307;367;27;79;151;42,8;9,01;107;150;-2,39;60
4;278319;3313;368;27;78;151;42,3;9,01;108;150;-2,29;60
4;278823;3319;368;27;78;151;42,2;9,01;108;150;-2,28;60
4;279327;3325;369;27;80;151;43,4;9,01;105;150;-2,52;60
4;279831;3331;370;27;80;151;43,4;9,01;105;150;-2,54;60
4;280335;3337;370;27;81;151;43,8;9,01;104;150;-2,63;60
4;280839;3343;371;28;81;151;43,9;9,01;104;150;-2,64;60
4;281343;3350;372;28;80;151;43,4;9,01;105;150;-2,54;60
4;281847;3356;372;28;80;151;43,4;9,01;105;150;-2,54;60
4;282351;3362;373;28;80;151;43,2;9,01;105;150;-2,49;60
4;282855;3368;374;28;80;151;43,0;9,01;106;150;-2,45;60
4;283359;3374;374;28;80;151;43,5;9,01;105;150;-2,56;60
4;283863;3380;375;28;81;151;44,0;9,01;104;150;-2,67;60
4;284367;3386;376;28;81;151;44,1;9,01;103;150;-2,68;60
4;284872;3392;376;28;81;150;43,7;9,01;104;150;-2,61;60
4;285376;3398;377;28;80;150;43,3;9,01;105;150;-2,52;60
4;285880;3404;378;28;80;150;43,1;9,01;106;150;-2,46;60
4;286384;3410;378;28;79;150;42,7;9,01;107;150;-2,39;60
4;286888;3416;379;28;79;150;42,7;9,01;107;150;-2,38;60
4;287392;3422;380;29;79;150;42,5;9,01;107;150;-2,33;60
4;287896;3428;380;29;79;150;42,5;9,01;107;150;-2,35;60
4;288400;3434;381;29;80;150;43,4;9,01;105;150;-2,53;60
4;288904;3440;382;29;81;150;43,8;9,01;104;150;-2,62;60
4;289408;3446;382;29;81;150;43,8;9,01;104;150;-2,63;60
4;289912;3453;383;29;81;150;43,8;9,01;104;150;-2,62;60
4;290416;3459;384;29;80;150;43,5;9,01;105;150;-2,55;60
4;290920;3465;384;29;80;150;43,5;9,01;105;150;-2,56;60
4;291424;3471;385;29;81;151;44,0;9,01;104;150;-2,66;60
4;291928;3477;386;29;81;151;43,9;9,01;104;150;-2,65;60
4;292432;3483;386;29;81;151;43,7;9,01;104;150;-2,59;60
4;292936;3489;387;29;80;151;43,5;9,01;105;150;-2,56;60
4;293440;3495;388;29;81;151;43,6;9,01;105;150;-2,58;60
4;293944;3502;388;29;81;151;43,6;9,01;104;150;-2,59;60
4;294448;3508;389;30;81;151;43,7;9,01;104;150;-2,60;60
4;294952;3514;390;30;80;151;43,4;9,01;105;150;-2,52;60
4;295456;3520;391;30;80;151;43,2;9,01;105;150;-2,50;60
4;295960;3526;391;30;80;151;43,5;9,01;105;150;-2,55;60
4;296464;3532;392;30;81;151;43,8;9,01;104;150;-2,62;60
4;296968;3538;393;30;81;151;44,0;9,01;104;150;-2,66;60
4;297472;3544;393;30;81;151;43,6;9,01;105;150;-2,57;60
4;297976;3550;394;30;80;151;43,5;9,01;105;150;-2,55;60
4;298480;3556;395;30;80;151;43,2;9,01;105;150;-2,49;60
4;298984;3562;395;30;80;151;43,4;9,01;105;150;-2,53;60
4;299488;3569;396;30;80;152;43,5;9,01;105;150;-2,55;59
4;299992;3575;397;30;80;152;43,3;9,01;105;150;-2,50;59
5;300496;3581;397;30;80;152;43,4;9,01;122;175;-2,24;69
5;301000;3587;398;31;79;152;42,9;9,01;124;175;-2,12;69
5;301504;3593;399;31;79;153;42,8;9,01;124;175;-2,10;69
5;302008;3599;399;31;79;153;42,9;9,01;124;175;-2,13;69
5;302512;3605;400;31;80;153;43,1;9,01;123;175;-2,17;69
5;303016;3611;401;31;79;154;42,9;9,01;124;175;-2,14;68
5;303520;3617;401;31;80;154;43,2;9,01;123;175;-2,20;68
5;304024;3623;402;31;80;154;43,5;9,01;122;175;-2,26;68
5;304528;3629;403;31;80;154;43,5;9,01;122;175;-2,25;68
5;305032;3635;403;31;80;154;43,3;9,01;123;175;-2,23;68
5;305537;3641;404;31;80;154;43,3;9,01;123;175;-2,22;68
5;306059;3647;405;31;80;154;43,0;9,01;124;175;-2,16;68
5;306563;3653;405;32;79;155;42,8;9,01;124;175;-2,10;68
5;307067;3659;406;32;80;155;43,4;9,01;123;175;-2,24;68
5;307571;3665;407;32;80;155;43,3;9,01;123;175;-2,23;68
5;308075;3672;407;32;80;155;43,1;9,01;123;175;-2,17;68
5;308579;3678;408;32;80;155;43,0;9,01;124;175;-2,15;68
5;309083;3684;409;32;80;155;43,1;9,01;123;175;-2,17;68
5;309587;3690;409;32;80;155;43,2;9,01;123;175;-2,19;68
5;310091;3696;410;32;80;155;43,1;9,01;123;175;-2,17;68
5;310595;3702;411;32;80;155;43,0;9,01;124;175;-2,15;68
5;311099;3708;411;32;79;155;42,7;9,01;125;175;-2,08;68
5;311603;3714;412;32;79;155;42,9;9,01;124;175;-2,12;68
5;312107;3720;413;33;80;156;43,3;9,01;123;175;-2,23;67
5;312611;3726;413;33;80;156;43,2;9,01;123;175;-2,20;67
5;313115;3732;414;33;79;156;42,8;9,01;124;175;-2,11;67
5;313619;3738;415;33;80;156;43,1;9,01;123;175;-2,16;67
5;314123;3744;415;33;79;157;42,9;9,01;124;175;-2,12;67
5;314627;3750;416;33;78;157;42,4;9,01;125;175;-2,01;67
5;315131;3756;417;33;78;157;42,3;9,01;126;175;-2,00;67
5;315635;3762;417;33;81;158;43,6;9,01;122;175;-2,29;66
5;316139;3768;418;33;81;158;44,0;9,01;121;175;-2,37;66
5;316643;3774;419;33;80;158;43,3;9,01;123;175;-2,21;66
5;317147;3780;419;33;79;158;42,7;9,01;124;175;-2,09;66
5;317651;3786;420;33;79;158;42,9;9,01;124;175;-2,12;66
5;318155;3792;421;34;80;158;43,2;9,01;123;175;-2,19;66
5;318659;3798;421;34;81;159;43,6;9,01;122;175;-2,28;66
5;319163;3804;422;34;80;159;43,3;9,01;123;175;-2,22;66
5;319667;3810;423;34;79;159;42,8;9,01;124;175;-2,09;66
5;320171;3816;423;34;80;159;43,2;9,01;123;175;-2,19;66
5;320675;3822;424;34;81;159;43,6;9,01;122;175;-2,29;66
5;321179;3828;425;34;81;159;44,0;9,01;121;175;-2,37;66
5;321683;3835;425;34;82;159;44,1;9,01;121;175;-2,40;66
5;322187;3841;426;34;81;159;43,8;9,01;121;175;-2,33;66
5;322691;3847;427;34;80;159;43,2;9,01;123;175;-2,19;66
5;323195;3853;427;34;79;159;42,5;9,01;125;175;-2,04;66
5;323699;3859;428;35;79;159;42,5;9,01;125;175;-2,04;66
5;324203;3865;429;35;79;159;42,7;9,01;125;175;-2,08;66
5;324707;3871;429;35;79;159;42,8;9,01;124;175;-2,10;66
5;325211;3877;430;35;80;159;43,2;9,01;123;175;-2,19;66
5;325715;3883;431;35;81;159;43,7;9,01;122;175;-2,30;66
5;326219;3889;431;35;81;160;43,5;9,01;122;175;-2,27;66
5;326723;3895;432;35;80;160;43,4;9,01;123;175;-2,24;66
5;327227;3901;433;35;79;160;43,0;9,01;124;175;-2,15;66
5;327731;3907;433;35;79;160;42,8;9,01;124;175;-2,10;66
5;328235;3913;434;35;79;160;42,7;9,01;124;175;-2,09;66
5;328739;3919;435;35;79;160;42,9;9,01;124;175;-2,14;66
5;329243;3925;435;36;80;160;43,2;9,01;123;175;-2,19;66
5;329747;3931;436;36;79;160;43,0;9,01;124;175;-2,14;66
5;330251;3937;437;36;80;160;43,3;9,01;123;175;-2,22;66
5;330755;3943;437;36;80;160;43,5;9,01;122;175;-2,25;66
5;331259;3949;438;36;80;160;43,5;9,01;122;175;-2,25;66
5;331763;3955;439;36;81;160;43,7;9,01;122;175;-2,31;66
5;332267;3961;440;36;81;160;43,7;9,01;122;175;-2,31;66
5;332771;3968;440;36;80;160;43,4;9,01;122;175;-2,24;66
5;333275;3974;441;36;80;160;43,4;9,01;122;175;-2,25;66
5;333779;3980;442;36;81;160;43,8;9,01;121;175;-2,34;66
5;334283;3986;442;36;81;159;43,6;9,01;122;175;-2,29;66
5;334787;3992;443;36;80;159;43,5;9,01;122;175;-2,27;66
5;335291;3998;444;37;81;159;43,7;9,01;122;175;-2,31;66
5;335795;4004;444;37;81;159;43,7;9,01;122;175;-2,31;66
5;336299;4010;445;37;80;159;43,2;9,01;123;175;-2,19;66
5;336803;4016;446;37;80;159;43,4;9,01;123;175;-2,24;66
5;337307;4022;446;37;80;159;43,4;9,01;122;175;-2,25;66
5;337811;4029;447;37;80;159;43,4;9,01;122;175;-2,24;66
5;338315;4035;448;37;80;159;43,2;9,01;123;175;-2,20;66
5;338819;4041;448;37;80;159;43,4;9,01;123;175;-2,23;66
5;339323;4047;449;37;81;159;43,7;9,01;122;175;-2,31;66
5;339827;4053;450;37;81;159;43,7;9,01;122;175;-2,32;66
5;340331;4059;450;37;80;159;43,5;9,01;122;175;-2,26;66
5;340835;4065;451;38;80;159;43,2;9,01;123;175;-2,20;66
5;341339;4071;452;38;80;160;43,3;9,01;123;175;-2,21;66
5;341843;4077;452;38;80;160;43,5;9,01;122;175;-2,26;66
5;342347;4083;453;38;80;160;43,5;9,01;122;175;-2,27;66
5;342851;4089;454;38;80;160;43,5;9,01;122;175;-2,26;66
5;343355;4095;454;38;80;160;43,3;9,01;123;175;-2,23;66
5;343859;4102;455;38;80;160;43,3;9,01;123;175;-2,22;66
5;344363;4108;456;38;81;160;43,6;9,01;122;175;-2,29;66
5;344867;4114;456;38;81;160;43,6;9,01;122;175;-2,28;66
5;345371;4120;457;38;80;161;43,4;9,01;122;175;-2,24;65
5;345875;4126;458;38;80;161;43,5;9,01;122;175;-2,25;65
5;346379;4132;458;39;80;161;43,4;9,01;123;175;-2,24;65
5;346883;4138;459;39;81;161;43,5;9,01;122;175;-2,27;65
5;347387;4144;460;39;80;161;43,4;9,01;122;175;-2,24;65
5;347891;4150;460;39;81;161;43,7;9,01;122;175;-2,32;65
5;348395;4156;461;39;81;161;43,7;9,01;122;175;-2,32;65
5;348899;4162;462;39;81;160;43,7;9,01;122;175;-2,31;66
5;349403;4169;462;39;81;160;43,7;9,01;122;175;-2,32;66
5;349907;4175;463;39;81;160;43,6;9,01;122;175;-2,28;66
5;350411;4181;464;39;81;160;43,6;9,01;122;175;-2,29;66
5;350915;4187;465;39;80;160;43,4;9,01;123;175;-2,23;66
5;351419;4193;465;39;80;160;43,2;9,01;123;175;-2,20;66
5;351923;4199;466;39;81;160;43,7;9,01;122;175;-2,31;66
5;352427;4205;467;40;81;159;44,0;9,01;121;175;-2,38;66
5;352931;4211;467;40;82;159;44,5;9,01;119;175;-2,50;66
5;353435;4218;468;40;81;159;44,0;9,01;121;175;-2,37;66
5;353939;4224;469;40;81;159;43,8;9,01;121;175;-2,32;66
5;354443;4230;469;40;81;159;43,7;9,01;122;175;-2,31;66
5;354947;4236;470;40;81;159;43,6;9,01;122;175;-2,29;66
5;355451;4242;471;40;81;159;43,9;9,01;121;175;-2,34;66
5;355955;4248;471;40;81;159;43,8;9,01;121;175;-2,34;66
5;356459;4254;472;40;80;159;43,5;9,01;122;175;-2,27;66
5;356963;4260;473;40;80;159;43,3;9,01;123;175;-2,23;66
5;357467;4266;473;40;80;159;43,5;9,01;122;175;-2,26;66
5;357971;4273;474;41;81;159;43,8;9,01;121;175;-2,34;66
5;358475;4279;475;41;80;159;43,5;9,01;122;175;-2,27;66
5;358979;4285;475;41;80;159;43,3;9,01;123;175;-2,22;66
5;359483;4291;476;41;80;159;43,2;9,01;123;175;-2,20;66
5;359987;4297;477;41;80;159;43,0;9,01;124;175;-2,15;66
6;360491;4303;477;41;79;160;42,9;9,01;142;200;-1,83;75
6;360995;4309;478;41;78;160;42,4;9,01;143;200;-1,72;75
6;361499;4315;479;41;79;160;42,7;9,01;142;200;-1,79;75
6;362003;4321;479;41;80;160;43,1;9,01;141;200;-1,87;75
6;362507;4327;480;41;80;160;43,1;9,01;141;200;-1,88;75
6;363011;4333;481;41;79;160;42,7;9,01;142;200;-1,79;75
6;363515;4339;481;42;78;160;42,4;9,01;143;200;-1,72;75
6;364019;4345;482;42;79;161;42,6;9,01;142;200;-1,77;75
6;364523;4351;483;42;79;161;42,9;9,01;142;200;-1,83;75
6;365027;4357;483;42;80;161;43,1;9,01;141;200;-1,87;75
6;365531;4363;484;42;80;161;43,0;9,01;141;200;-1,85;75
6;366035;4369;485;42;80;161;43,2;9,01;141;200;-1,90;75
6;366539;4375;485;42;79;161;42,7;9,01;142;200;-1,77;75
6;367043;4381;486;42;79;161;42,9;9,01;142;200;-1,82;75
6;367547;4387;487;42;80;161;43,0;9,01;141;200;-1,86;75
6;368051;4393;487;42;79;161;42,9;9,01;142;200;-1,83;75
6;368555;4399;488;43;79;161;42,9;9,01;142;200;-1,82;75
6;369059;4405;489;43;79;161;42,8;9,01;142;200;-1,80;75
6;369563;4411;489;43;79;161;42,6;9,01;143;200;-1,76;75
6;370067;4417;490;43;78;161;42,3;9,01;144;200;-1,69;75
6;370571;4423;491;43;78;161;42,3;9,01;144;200;-1,70;75
6;371075;4429;491;43;80;161;43,4;9,01;140;200;-1,94;75
6;371579;4435;492;43;81;161;43,7;9,01;139;200;-2,01;75
6;372083;4441;493;43;79;161;42,7;9,01;142;200;-1,79;75
6;372587;4447;493;43;78;162;42,0;9,01;145;200;-1,63;74
6;373091;4453;494;44;78;162;41,9;9,01;145;200;-1,60;74
6;373595;4459;495;44;79;162;42,7;9,01;142;200;-1,79;74
6;374099;4465;495;44;80;162;43,2;9,01;141;200;-1,90;74
6;374603;4471;496;44;80;162;43,0;9,01;141;200;-1,86;74
6;375107;4477;497;44;80;163;43,1;9,01;141;200;-1,88;74
6;375611;4483;497;44;80;163;43,1;9,01;141;200;-1,87;74
6;376115;4489;498;44;81;163;43,5;9,01;140;200;-1,98;74
6;376619;4495;499;44;79;163;42,8;9,01;142;200;-1,81;74
6;377123;4501;499;44;78;163;42,3;9,01;144;200;-1,69;74
6;377627;4507;500;44;79;163;42,5;9,01;143;200;-1,75;74
6;378131;4513;501;45;79;164;42,5;9,01;143;200;-1,73;73
6;378635;4519;501;45;79;164;42,7;9,01;142;200;-1,78;73
6;379139;4525;502;45;80;164;43,1;9,01;141;200;-1,88;73
6;379643;4531;503;45;80;164;43,5;9,01;140;200;-1,98;73
6;380147;4537;503;45;81;164;43,7;9,01;139;200;-2,02;73
6;380651;4543;504;45;81;164;43,7;9,01;139;200;-2,02;73
6;381155;4549;505;45;81;164;43,6;9,01;139;200;-2,00;73
6;381659;4555;505;45;81;164;43,7;9,01;139;200;-2,01;73
6;382163;4561;506;45;80;164;43,5;9,01;140;200;-1,96;73
6;382667;4567;507;45;80;164;43,3;9,01;140;200;-1,93;73
6;383171;4573;507;46;80;164;43,3;9,01;140;200;-1,93;73
6;383675;4579;508;46;80;164;43,1;9,01;141;200;-1,88;73
6;384179;4585;509;46;80;164;43,1;9,01;141;200;-1,86;73
6;384683;4592;509;46;80;164;43,2;9,01;141;200;-1,91;73
6;385187;4598;510;46;81;165;43,6;9,01;139;200;-1,99;73
6;385691;4604;511;46;81;165;43,5;9,01;140;200;-1,98;73
6;386195;4610;511;46;79;165;42,8;9,01;142;200;-1,80;73
6;386699;4616;512;46;79;165;42,7;9,01;142;200;-1,78;73
6;387203;4622;513;46;79;165;42,9;9,01;142;200;-1,83;73
6;387707;4628;513;46;80;165;43,2;9,01;141;200;-1,91;73
6;388211;4634;514;47;81;165;43,6;9,01;139;200;-1,99;73
6;388715;4640;515;47;80;165;43,4;9,01;140;200;-1,95;73
6;389219;4646;515;47;81;165;43,6;9,01;139;200;-1,98;73
6;389723;4652;516;47;81;165;43,5;9,01;140;200;-1,98;73
6;390227;4658;517;47;80;165;43,3;9,01;140;200;-1,92;73
6;390731;4664;517;47;80;165;43,1;9,01;141;200;-1,89;73
6;391235;4670;518;47;80;165;43,3;9,01;140;200;-1,92;73
6;391739;4676;519;47;80;165;43,0;9,01;141;200;-1,86;73
6;392243;4682;519;47;80;165;43,1;9,01;141;200;-1,87;73
6;392747;4688;520;47;79;165;42,9;9,01;141;200;-1,84;73
6;393251;4694;521;48;79;165;42,8;9,01;142;200;-1,81;73
6;393755;4700;521;48;79;165;42,8;9,01;142;200;-1,80;73
6;394259;4706;522;48;80;165;43,2;9,01;141;200;-1,89;73
6;394763;4712;523;48;81;165;43,7;9,01;139;200;-2,01;73
6;395267;4719;524;48;81;165;43,8;9,01;139;200;-2,03;73
6;395771;4725;524;48;81;166;43,9;9,01;138;200;-2,06;72
6;396275;4731;525;48;81;166;43,7;9,01;139;200;-2,03;72
6;396779;4737;526;48;80;166;43,1;9,01;141;200;-1,87;72
6;397283;4743;526;48;79;166;42,9;9,01;142;200;-1,82;72
6;397787;4749;527;48;79;166;42,8;9,01;142;200;-1,82;72
6;398291;4755;528;49;79;166;42,9;9,01;141;200;-1,84;72
6;398795;4761;528;49;79;166;42,9;9,01;142;200;-1,82;72
6;399299;4767;529;49;79;166;42,9;9,01;142;200;-1,84;72
6;399803;4773;530;49;80;166;43,3;9,01;140;200;-1,92;72
6;400307;4779;530;49;81;166;43,9;9,01;138;200;-2,06;72
6;400811;4785;531;49;81;166;44,1;9,01;138;200;-2,10;72
6;401315;4791;532;49;81;166;43,7;9,01;139;200;-2,03;72
6;401819;4797;532;49;80;166;43,3;9,01;140;200;-1,92;72
6;402323;4804;533;49;80;166;43,3;9,01;140;200;-1,92;72
6;402844;4810;534;49;80;166;43,4;9,01;140;200;-1,95;72
6;403348;4816;534;50;81;166;43,7;9,01;139;200;-2,01;72
6;403852;4822;535;50;80;167;43,4;9,01;140;200;-1,95;72
6;404356;4828;536;50;81;167;43,6;9,01;139;200;-1,99;72
6;404860;4834;536;50;81;167;43,7;9,01;139;200;-2,01;72
6;405364;4840;537;50;80;167;43,0;9,01;141;200;-1,86;72
6;405868;4846;538;50;79;167;42,8;9,01;142;200;-1,80;72
6;406372;4852;538;50;80;167;43,2;9,01;141;200;-1,89;72
6;406877;4858;539;50;80;167;43,3;9,01;140;200;-1,92;72
6;407381;4864;540;50;81;168;43,6;9,01;139;200;-2,00;71
6;407885;4871;540;50;80;168;43,4;9,01;140;200;-1,94;71
6;408389;4877;541;51;80;168;43,1;9,01;141;200;-1,88;71
6;408893;4883;542;51;80;168;43,2;9,01;141;200;-1,89;71
6;409397;4889;542;51;80;168;43,2;9,01;141;200;-1,90;71
6;409901;4895;543;51;80;168;43,5;9,01;140;200;-1,97;71
6;410405;4901;544;51;80;168;43,1;9,01;141;200;-1,88;71
6;410909;4907;544;51;79;168;42,9;9,01;142;200;-1,82;71
6;411413;4913;545;51;81;168;43,7;9,01;139;200;-2,02;71
6;411917;4919;546;51;81;168;43,8;9,01;139;200;-2,05;71
6;412421;4925;546;51;81;168;43,8;9,01;139;200;-2,05;71
6;412925;4931;547;51;81;168;43,8;9,01;139;200;-2,05;71
6;413429;4937;548;52;82;168;44,3;9,01;137;200;-2,15;71
6;413933;4944;548;52;82;168;44,6;9,01;136;200;-2,23;71
6;414437;4950;549;52;82;168;44,1;9,01;138;200;-2,12;71
6;414941;4956;550;52;81;168;43,7;9,01;139;200;-2,01;71
6;415445;4962;551;52;81;168;44,0;9,01;138;200;-2,09;71
6;415949;4968;551;52;82;168;44,3;9,01;137;200;-2,16;71
6;416453;4975;552;52;81;168;43,8;9,01;139;200;-2,05;71
6;416957;4981;553;52;81;168;43,8;9,01;139;200;-2,03;71
6;417461;4987;553;52;81;168;43,7;9,01;139;200;-2,01;71
6;417965;4993;554;52;81;168;43,6;9,01;139;200;-1,99;71
6;418469;4999;555;53;80;168;43,4;9,01;140;200;-1,94;71
6;418973;5005;555;53;80;168;43,4;9,01;140;200;-1,94;71
6;419477;5011;556;53;82;169;44,1;9,01;138;200;-2,12;71
6;419981;5017;557;53;81;169;44,0;9,01;138;200;-2,09;71
7;420485;5023;557;53;81;169;43,8;9,01;156;225;-1,75;80
7;420989;5030;558;53;81;169;43,6;9,01;157;225;-1,71;80
7;421493;5036;559;53;79;169;42,8;9,01;160;225;-1,52;80
7;421997;5042;559;53;79;169;42,7;9,01;160;225;-1,48;80
7;422501;5048;560;53;80;169;43,1;9,01;159;225;-1,58;80
7;423005;5054;561;54;80;169;43,2;9,01;158;225;-1,60;80
7;423509;5060;561;54;80;169;43,3;9,01;158;225;-1,64;80
7;424013;5066;562;54;80;169;43,2;9,01;158;225;-1,60;80
7;424517;5072;563;54;80;169;43,1;9,01;159;225;-1,58;80
7;425021;5078;563;54;79;170;42,9;9,01;159;225;-1,53;79
7;425525;5084;564;54;79;170;42,8;9,01;160;225;-1,51;79
7;426029;5090;565;54;79;170;42,9;9,01;159;225;-1,54;79
7;426533;5096;565;54;80;170;43,0;9,01;159;225;-1,56;79
7;427037;5102;566;54;81;170;43,9;9,01;156;225;-1,76;79
7;427541;5108;567;55;81;170;44,0;9,01;155;225;-1,79;79
7;428045;5114;567;55;81;170;43,7;9,01;156;225;-1,73;79
7;428549;5120;568;55;80;170;43,3;9,01;158;225;-1,63;79
7;429053;5126;569;55;80;171;43,0;9,01;159;225;-1,56;79
7;429557;5132;569;55;80;171;43,4;9,01;158;225;-1,65;79
7;430061;5139;570;55;81;171;44,0;9,01;155;225;-1,79;79
7;430582;5145;571;55;82;171;44,2;9,01;155;225;-1,85;79
7;431086;5151;571;55;81;171;43,6;9,01;157;225;-1,71;79
7;431590;5157;572;55;80;171;43,1;9,01;159;225;-1,58;79
7;432094;5163;573;56;80;171;43,1;9,01;159;225;-1,58;79
7;432598;5169;574;56;80;171;43,4;9,01;157;225;-1,66;79
7;433102;5175;574;56;80;171;43,4;9,01;157;225;-1,66;79
7;433606;5181;575;56;80;171;43,5;9,01;157;225;-1,67;79
7;434110;5188;576;56;81;171;43,7;9,01;156;225;-1,72;79
7;434614;5194;576;56;81;172;43,7;9,01;156;225;-1,73;78
7;435118;5200;577;56;80;172;43,2;9,01;158;225;-1,60;78
7;435622;5206;578;56;80;172;43,4;9,01;157;225;-1,65;78
7;436126;5212;578;57;81;172;44,0;9,01;155;225;-1,80;78
7;436630;5218;579;57;82;172;44,1;9,01;155;225;-1,82;78
7;437134;5224;580;57;82;172;44,3;9,01;154;225;-1,88;78
7;437638;5230;580;57;81;172;43,9;9,01;156;225;-1,77;78
7;438142;5237;581;57;80;172;43,4;9,01;158;225;-1,65;78
7;438646;5243;582;57;81;172;43,5;9,01;157;225;-1,69;78
7;439150;5249;582;57;80;172;43,5;9,01;157;225;-1,67;78
7;439654;5255;583;57;80;172;43,4;9,01;157;225;-1,66;78
7;440158;5261;584;57;81;172;43,5;9,01;157;225;-1,68;78
7;440662;5267;584;58;80;172;43,1;9,01;158;225;-1,59;78
7;441166;5273;585;58;80;172;43,2;9,01;158;225;-1,59;78
7;441670;5279;586;58;80;172;43,4;9,01;157;225;-1,65;78
7;442174;5285;586;58;81;172;43,8;9,01;156;225;-1,75;78
7;442678;5291;587;58;82;172;44,3;9,01;154;225;-1,88;78
7;443182;5298;588;58;82;172;44,1;9,01;155;225;-1,82;78
7;443686;5304;588;58;81;173;43,8;9,01;156;225;-1,75;78
7;444190;5310;589;58;80;173;43,1;9,01;159;225;-1,58;78
7;444694;5316;590;58;79;173;42,6;9,01;161;225;-1,45;78
7;445198;5322;590;59;79;173;42,5;9,01;161;225;-1,43;78
7;445702;5328;591;59;80;173;43,1;9,01;159;225;-1,58;78
7;446206;5334;592;59;81;173;43,9;9,01;156;225;-1,76;78
7;446710;5340;592;59;80;173;43,4;9,01;158;225;-1,64;78
7;447214;5346;593;59;80;173;43,3;9,01;158;225;-1,62;78
7;447718;5352;594;59;80;173;43,0;9,01;159;225;-1,57;78
7;448222;5358;594;59;80;173;43,1;9,01;159;225;-1,58;78
7;448726;5364;595;59;80;173;43,3;9,01;158;225;-1,62;78
7;449230;5370;596;59;80;173;43,3;9,01;158;225;-1,62;78
7;449734;5376;596;60;79;173;43,0;9,01;159;225;-1,55;78
7;450238;5382;597;60;79;174;42,6;9,01;160;225;-1,47;78
7;450742;5388;598;60;78;174;42,3;9,01;161;225;-1,40;78
7;451246;5394;598;60;78;173;42,2;9,01;162;225;-1,36;78
7;451750;5400;599;60;80;173;43,1;9,01;159;225;-1,58;78
7;452254;5406;600;60;80;173;43,2;9,01;158;225;-1,61;78
7;452758;5412;600;60;80;173;43,4;9,01;158;225;-1,64;78
7;453262;5418;601;60;80;173;43,4;9,01;158;225;-1,65;78
7;453766;5424;602;60;81;173;43,6;9,01;157;225;-1,70;78
7;454270;5430;602;61;81;173;43,8;9,01;156;225;-1,76;78
7;454774;5437;603;61;80;173;43,5;9,01;157;225;-1,68;78
7;455278;5443;604;61;80;173;43,3;9,01;158;225;-1,63;78
7;455782;5449;605;61;80;173;43,2;9,01;158;225;-1,61;78
7;456286;5455;605;61;80;172;43,1;9,01;159;225;-1,58;78
7;456790;5461;606;61;79;172;42,8;9,01;160;225;-1,51;78
7;457294;5467;607;61;80;172;43,1;9,01;159;225;-1,58;78
7;457798;5473;607;61;81;172;43,8;9,01;156;225;-1,76;78
7;458302;5479;608;61;80;172;43,4;9,01;157;225;-1,65;78
7;458806;5485;609;62;80;172;43,1;9,01;159;225;-1,57;78
7;459310;5491;609;62;80;172;43,0;9,01;159;225;-1,56;78
7;459814;5497;610;62;78;172;42,4;9,01;161;225;-1,42;78
7;460318;5503;611;62;77;172;41,9;9,01;163;225;-1,28;78
7;460822;5509;611;62;78;172;42,0;9,01;163;225;-1,30;78
7;461326;5515;612;62;79;172;42,8;9,01;160;225;-1,50;78
7;461830;5521;613;62;80;172;43,2;9,01;158;225;-1,60;78
7;462334;5527;613;62;79;172;42,8;9,01;160;225;-1,51;78
7;462838;5533;614;63;79;173;42,6;9,01;161;225;-1,45;78
7;463342;5539;614;63;78;173;42,3;9,01;161;225;-1,40;78
7;463846;5545;615;63;78;173;42,1;9,01;162;225;-1,35;78
7;464350;5551;616;63;79;173;42,7;9,01;160;225;-1,47;78
7;464854;5556;616;63;79;174;43,0;9,01;159;225;-1,55;78
7;465358;5563;617;63;80;174;43,1;9,01;159;225;-1,58;78
7;465862;5569;618;63;80;174;43,4;9,01;158;225;-1,65;78
7;466366;5575;618;63;81;174;43,5;9,01;157;225;-1,68;78
7;466870;5581;619;63;80;175;43,3;9,01;158;225;-1,63;77
7;467374;5587;620;64;80;175;43,3;9,01;158;225;-1,62;77
7;467878;5593;621;64;80;175;43,0;9,01;159;225;-1,55;77
7;468382;5599;621;64;80;175;43,1;9,01;159;225;-1,58;77
7;468886;5605;622;64;80;175;43,5;9,01;157;225;-1,67;77
7;469390;5611;623;64;82;175;44,3;9,01;154;225;-1,88;77
7;469894;5617;623;64;82;174;44,3;9,01;154;225;-1,87;78
7;470398;5623;624;64;82;174;44,3;9,01;154;225;-1,87;78
7;470902;5630;625;64;83;174;44,7;9,01;153;225;-1,97;78
7;471406;5636;625;64;83;173;45,0;9,01;152;225;-2,03;78
7;471910;5642;626;65;84;173;45,3;9,01;151;225;-2,10;78
7;472414;5649;627;65;84;173;45,2;9,01;151;225;-2,09;78
7;472918;5655;627;65;84;172;45,6;9,01;150;225;-2,18;78
7;473422;5661;628;65;84;172;45,3;9,01;151;225;-2,11;78
7;473926;5668;629;65;83;172;45,0;9,01;152;225;-2,05;78
7;474430;5674;630;65;83;171;45,1;9,01;152;225;-2,06;79
7;474934;5680;630;65;84;171;45,2;9,01;151;225;-2,10;79
7;475438;5687;631;65;84;171;45,7;9,01;150;225;-2,20;79
7;475942;5693;632;65;83;171;45,1;9,01;152;225;-2,06;79
7;476446;5699;632;66;83;171;45,0;9,01;152;225;-2,03;79
7;476950;5706;633;66;84;171;45,4;9,01;151;225;-2,13;79
7;477454;5712;634;66;85;171;45,7;9,01;149;225;-2,21;79
7;477958;5718;634;66;84;171;45,5;9,01;150;225;-2,17;79
7;478462;5725;635;66;84;171;45,5;9,01;150;225;-2,16;79
7;478966;5731;636;66;84;171;45,6;9,01;150;225;-2,18;79
7;479470;5737;637;66;84;171;45,6;9,01;150;225;-2,19;79
7;479974;5744;637;66;84;172;45,5;9,01;150;225;-2,17;78
8;480478;5750;638;66;84;172;45,4;9,01;167;250;-1,85;87
8;480982;5757;639;67;83;172;44,8;9,01;170;250;-1,70;87
8;481486;5763;639;67;82;173;44,2;9,01;172;250;-1,56;87
8;481990;5769;640;67;82;173;44,6;9,01;170;250;-1,64;87
8;482494;5775;641;67;82;173;44,2;9,01;172;250;-1,56;87
8;482998;5781;641;67;82;174;44,1;9,01;172;250;-1,53;86
8;483502;5788;642;67;83;174;44,7;9,01;170;250;-1,68;86
8;484006;5794;643;67;84;175;45,5;9,01;167;250;-1,89;86
8;484510;5800;644;67;83;175;45,0;9,01;169;250;-1,75;86
8;485014;5807;644;68;82;175;44,4;9,01;171;250;-1,60;86
8;485518;5813;645;68;82;176;44,3;9,01;172;250;-1,57;85
8;486022;5819;646;68;81;176;44,0;9,01;173;250;-1,51;85
8;486526;5825;646;68;81;177;44,0;9,01;172;250;-1,52;85
8;487030;5831;647;68;81;177;44,0;9,01;172;250;-1,52;85
8;487534;5837;648;68;82;177;44,6;9,01;170;250;-1,65;85
8;488038;5844;648;68;82;177;44,4;9,01;171;250;-1,61;85
8;488542;5850;649;69;82;178;44,2;9,01;172;250;-1,57;84
8;489046;5856;650;69;82;178;44,3;9,01;171;250;-1,58;84
8;489550;5862;650;69;81;178;43,8;9,01;174;250;-1,45;84
8;490054;5868;651;69;81;178;43,8;9,01;173;250;-1,47;84
8;490558;5875;652;69;81;178;43,9;9,01;173;250;-1,49;84
8;491062;5881;652;69;81;178;43,8;9,01;173;250;-1,47;84
8;491566;5887;653;69;81;179;43,9;9,01;173;250;-1,49;84
8;492070;5893;654;69;81;179;44,0;9,01;173;250;-1,51;84
8;492574;5899;654;70;81;179;44,1;9,01;172;250;-1,52;84
8;493078;5905;655;70;82;179;44,3;9,01;172;250;-1,57;84
8;493582;5912;656;70;82;179;44,2;9,01;172;250;-1,56;84
8;494086;5918;657;70;82;179;44,2;9,01;172;250;-1,55;84
8;494590;5924;657;70;81;180;43,7;9,01;174;250;-1,44;83
8;495094;5930;658;70;81;180;43,8;9,01;173;250;-1,47;83
8;495598;5936;659;70;82;180;44,1;9,01;172;250;-1,53;83
8;496102;5942;659;70;82;180;44,5;9,01;171;250;-1,63;83
8;496606;5949;660;71;82;180;44,4;9,01;171;250;-1,60;83
8;497110;5955;661;71;82;180;44,3;9,01;171;250;-1,59;83
8;497614;5961;661;71;82;180;44,1;9,01;172;250;-1,53;83
8;498118;5967;662;71;82;181;44,2;9,01;172;250;-1,55;83
8;498622;5973;663;71;82;181;44,3;9,01;171;250;-1,58;83
8;499126;5980;663;71;82;181;44,2;9,01;172;250;-1,55;83
8;499630;5986;664;71;83;181;44,7;9,01;170;250;-1,67;83
8;500134;5992;665;71;82;181;44,2;9,01;172;250;-1,55;83
8;500638;5998;665;72;82;181;44,2;9,01;172;250;-1,55;83
8;501142;6004;666;72;82;181;44,3;9,01;171;250;-1,59;83
8;501646;6011;667;72;81;181;44,0;9,01;173;250;-1,49;83
8;502150;6017;668;72;81;181;43,6;9,01;174;250;-1,41;83
8;502654;6023;668;72;81;182;43,6;9,01;174;250;-1,41;82
8;503158;6029;669;72;81;182;44,0;9,01;173;250;-1,51;82
8;503662;6035;670;72;82;182;44,5;9,01;171;250;-1,62;82
8;504166;6041;670;72;82;182;44,5;9,01;171;250;-1,63;82
8;504670;6048;671;73;81;182;43,9;9,01;173;250;-1,49;82
8;505174;6054;672;73;81;182;43,6;9,01;174;250;-1,41;82
8;505678;6060;672;73;81;182;43,9;9,01;173;250;-1,49;82
8;506182;6066;673;73;81;182;43,8;9,01;173;250;-1,46;82
8;506686;6072;674;73;81;182;44,1;9,01;172;250;-1,52;82
8;507190;6078;674;73;82;181;44,3;9,01;172;250;-1,57;83
8;507694;6084;675;73;82;181;44,5;9,01;171;250;-1,63;83
8;508198;6091;676;73;83;181;44,8;9,01;169;250;-1,71;83
8;508702;6097;676;74;82;181;44,5;9,01;171;250;-1,63;83
8;509206;6103;677;74;83;181;44,9;9,01;169;250;-1,72;83
8;509710;6109;678;74;83;181;45,0;9,01;169;250;-1,75;83
8;510214;6116;679;74;83;181;44,7;9,01;170;250;-1,67;83
8;510718;6122;679;74;82;181;44,6;9,01;170;250;-1,65;83
8;511222;6128;680;74;82;181;44,3;9,01;172;250;-1,57;83
8;511726;6134;681;74;82;181;44,3;9,01;171;250;-1,59;83
8;512230;6141;681;74;83;181;44,6;9,01;170;250;-1,67;83
8;512734;6147;682;75;83;181;44,7;9,01;170;250;-1,68;83
8;513238;6153;683;75;83;181;44,8;9,01;169;250;-1,71;83
8;513742;6159;683;75;83;181;44,7;9,01;170;250;-1,68;83
8;514246;6166;684;75;83;181;44,8;9,01;170;250;-1,70;83
8;514750;6172;685;75;83;181;45,0;9,01;169;250;-1,75;83
8;515254;6178;685;75;84;181;45,5;9,01;167;250;-1,88;83
8;515758;6185;686;75;84;181;45,5;9,01;167;250;-1,87;83
8;516262;6191;687;75;84;181;45,2;9,01;168;250;-1,80;83
8;516766;6197;688;76;83;181;45,1;9,01;168;250;-1,79;83
8;517270;6204;688;76;85;181;46,0;9,01;165;250;-2,01;83
8;517774;6210;689;76;87;181;46,9;9,01;162;250;-2,23;83
8;518278;6217;690;76;87;182;47,1;9,01;161;250;-2,27;82
8;518783;6223;690;76;86;182;46,7;9,01;163;250;-2,19;82
8;519287;6230;691;76;88;182;47,6;9,01;160;250;-2,40;82
8;519791;6237;692;76;87;182;47,2;9,01;161;250;-2,30;82
8;520295;6243;693;76;87;182;46,9;9,01;162;250;-2,24;82
8;520799;6250;693;77;86;182;46,6;9,01;163;250;-2,15;82
8;521303;6256;694;77;87;183;47,2;9,01;161;250;-2,30;82
8;521807;6263;695;77;87;183;46,9;9,01;162;250;-2,23;82
8;522311;6269;696;77;86;183;46,6;9,01;163;250;-2,16;82
8;522815;6276;696;77;86;183;46,4;9,01;164;250;-2,11;82
8;523319;6282;697;77;87;183;47,2;9,01;161;250;-2,31;82
8;523823;6289;698;77;87;183;46,8;9,01;162;250;-2,21;82
8;524327;6296;698;77;87;183;47,0;9,01;162;250;-2,26;82
8;524831;6302;699;78;87;183;47,0;9,01;162;250;-2,25;82
8;525335;6309;700;78;87;183;46,9;9,01;162;250;-2,23;82
8;525839;6315;701;78;86;184;46,5;9,01;163;250;-2,14;82
8;526343;6322;701;78;85;184;45,9;9,01;166;250;-1,97;82
8;526847;6328;702;78;85;184;45,9;9,01;165;250;-1,99;82
8;527351;6335;703;78;84;184;45,7;9,01;166;250;-1,92;82
8;527855;6341;704;78;86;184;46,3;9,01;164;250;-2,07;82
8;528359;6348;704;78;85;184;46,1;9,01;165;250;-2,02;82
8;528863;6354;705;79;85;184;46,1;9,01;165;250;-2,03;82
8;529367;6360;706;79;85;184;46,0;9,01;165;250;-2,00;82
8;529871;6367;706;79;84;184;45,3;9,01;168;250;-1,82;82
8;530375;6373;707;79;84;185;45,4;9,01;167;250;-1,85;81
8;530879;6380;708;79;84;185;45,6;9,01;166;250;-1,92;81
8;531383;6386;708;79;85;185;46,1;9,01;165;250;-2,04;81
8;531887;6392;709;79;85;185;45,9;9,01;166;250;-1,97;81
8;532391;6399;710;79;84;185;45,4;9,01;167;250;-1,85;81
8;532895;6405;711;80;84;185;45,3;9,01;167;250;-1,84;81
8;533399;6411;711;80;84;185;45,2;9,01;168;250;-1,80;81
8;533903;6418;712;80;84;185;45,6;9,01;167;250;-1,90;81
8;534407;6424;713;80;84;185;45,6;9,01;166;250;-1,91;81
8;534911;6431;713;80;84;185;45,2;9,01;168;250;-1,80;81
8;535415;6437;714;80;83;185;44,9;9,01;169;250;-1,72;81
8;535919;6443;715;80;84;185;45,7;9,01;166;250;-1,92;81
8;536423;6450;716;80;85;185;46,0;9,01;165;250;-2,00;81
8;536927;6456;716;81;84;185;45,4;9,01;167;250;-1,86;81
8;537431;6462;717;81;84;184;45,2;9,01;168;250;-1,80;82
8;537935;6469;718;81;84;184;45,4;9,01;167;250;-1,85;82
8;538439;6475;718;81;84;184;45,6;9,01;167;250;-1,91;82
8;538943;6481;719;81;84;184;45,5;9,01;167;250;-1,89;82
8;539447;6488;720;81;84;184;45,4;9,01;167;250;-1,85;82
8;539951;6494;721;81;84;184;45,5;9,01;167;250;-1,88;82
9;540455;6501;721;81;83;184;45,1;9,01;185;275;-1,51;90
9;540959;6507;722;82;83;184;44,6;9,01;187;275;-1,38;90
9;541463;6513;723;82;82;184;44,6;9,01;187;275;-1,37;90
9;541967;6519;723;82;83;184;44,8;9,01;187;275;-1,41;90
9;542471;6526;724;82;83;184;45,0;9,01;186;275;-1,47;90
9;542975;6532;725;82;81;184;44,0;9,01;190;275;-1,21;90
9;543479;6538;725;82;82;183;44,4;9,01;188;275;-1,31;90
9;543983;6544;726;82;83;183;45,0;9,01;186;275;-1,48;90
9;544487;6551;727;83;83;183;45,1;9,01;185;275;-1,49;90
9;544991;6557;727;83;83;183;45,1;9,01;185;275;-1,49;90
9;545495;6563;728;83;83;183;45,1;9,01;185;275;-1,51;90
9;545999;6570;729;83;84;183;45,2;9,01;185;275;-1,51;90
9;546503;6576;730;83;82;183;44,6;9,01;187;275;-1,36;90
9;547007;6582;730;83;83;183;45,0;9,01;185;275;-1,48;90
9;547511;6588;731;83;83;183;45,1;9,01;185;275;-1,49;90
9;548015;6595;732;84;83;183;45,2;9,01;185;275;-1,51;90
9;548519;6601;732;84;83;183;45,0;9,01;186;275;-1,48;90
9;549023;6607;733;84;83;183;45,0;9,01;186;275;-1,46;90
9;549527;6614;734;84;83;183;44,8;9,01;187;275;-1,41;90
9;550031;6620;734;84;83;183;45,1;9,01;185;275;-1,49;90
9;550535;6626;735;84;83;182;44,9;9,01;186;275;-1,44;91
9;551039;6632;736;84;82;182;44,2;9,01;189;275;-1,27;91
9;551543;6639;737;85;81;182;43,9;9,01;190;275;-1,18;91
9;552047;6645;737;85;82;182;44,1;9,01;189;275;-1,24;91
9;552551;6651;738;85;82;182;44,2;9,01;189;275;-1,26;91
9;553055;6657;739;85;82;182;44,5;9,01;188;275;-1,33;91
9;553559;6663;739;85;81;182;44,0;9,01;190;275;-1,22;91
9;554063;6670;740;85;82;182;44,2;9,01;189;275;-1,27;91
9;554567;6676;741;85;83;182;44,7;9,01;187;275;-1,40;91
9;555071;6682;741;86;83;182;44,9;9,01;186;275;-1,43;91
9;555575;6688;742;86;82;182;44,5;9,01;188;275;-1,35;91
9;556079;6694;743;86;81;182;44,1;9,01;190;275;-1,23;91
9;556583;6701;743;86;82;182;44,2;9,01;189;275;-1,27;91
9;557087;6707;744;86;82;182;44,5;9,01;188;275;-1,34;91
9;557591;6713;745;86;82;182;44,6;9,01;187;275;-1,36;91
9;558095;6719;745;86;82;182;44,4;9,01;188;275;-1,32;91
9;558599;6726;746;86;82;182;44,5;9,01;188;275;-1,35;91
9;559103;6732;747;87;82;183;44,6;9,01;187;275;-1,36;90
9;559607;6738;748;87;83;183;44,9;9,01;186;275;-1,45;90
9;560111;6744;748;87;84;183;45,2;9,01;185;275;-1,53;90
9;560615;6751;749;87;82;183;44,6;9,01;187;275;-1,37;90
9;561119;6757;750;87;82;183;44,3;9,01;189;275;-1,29;90
9;561623;6763;750;87;82;183;44,3;9,01;189;275;-1,28;90
9;562127;6769;751;87;82;183;44,3;9,01;189;275;-1,29;90
9;562631;6775;752;88;81;183;43,9;9,01;190;275;-1,20;90
9;563135;6782;752;88;81;183;43,8;9,01;191;275;-1,16;90
9;563639;6788;753;88;81;183;43,6;9,01;192;275;-1,11;90
9;564143;6794;754;88;81;183;43,7;9,01;191;275;-1,14;90
9;564647;6800;754;88;82;183;44,1;9,01;189;275;-1,25;90
9;565151;6806;755;88;82;183;44,1;9,01;189;275;-1,25;90
9;565655;6812;756;88;81;184;43,9;9,01;190;275;-1,19;90
9;566159;6818;756;89;81;184;43,7;9,01;191;275;-1,15;90
9;566663;6825;757;89;82;184;44,2;9,01;189;275;-1,27;90
9;567167;6831;758;89;83;184;44,8;9,01;186;275;-1,42;90
9;567671;6837;759;89;82;184;44,5;9,01;188;275;-1,35;90
9;568175;6843;759;89;82;184;44,3;9,01;189;275;-1,29;90
9;568679;6849;760;89;80;184;43,4;9,01;192;275;-1,07;90
9;569183;6856;761;89;80;184;43,1;9,01;194;275;-1,00;90
9;569687;6862;761;90;80;184;43,0;9,01;194;275;-0,96;90
9;570191;6868;762;90;81;184;43,7;9,01;191;275;-1,13;90
9;570695;6874;763;90;82;184;44,3;9,01;189;275;-1,28;90
9;571199;6880;763;90;81;184;44,0;9,01;190;275;-1,22;90
9;571703;6886;764;90;80;184;43,5;9,01;192;275;-1,09;90
9;572207;6892;765;90;80;184;43,2;9,01;194;275;-1,00;90
9;572711;6898;765;90;79;184;42,9;9,01;195;275;-0,93;90
9;573215;6904;766;90;79;184;42,8;9,01;195;275;-0,92;90
9;573719;6910;767;91;79;184;42,7;9,01;195;275;-0,89;90
9;574223;6916;767;91;81;184;43,5;9,01;192;275;-1,10;90
9;574727;6922;768;91;81;184;43,6;9,01;192;275;-1,11;90
9;575231;6928;769;91;80;184;43,3;9,01;193;275;-1,04;90
9;575735;6935;769;91;82;184;44,2;9,01;189;275;-1,26;90
9;576239;6941;770;91;82;184;44,2;9,01;189;275;-1,26;90
9;576743;6947;771;91;82;184;44,5;9,01;188;275;-1,33;90
9;577247;6953;771;92;82;184;44,2;9,01;189;275;-1,28;90
9;577751;6959;772;92;80;184;43,5;9,01;192;275;-1,10;90
9;578255;6965;773;92;80;184;43,2;9,01;193;275;-1,02;90
9;578759;6971;773;92;79;184;42,9;9,01;195;275;-0,93;90
9;579263;6977;774;92;81;184;43,6;9,01;192;275;-1,10;90
9;579767;6984;775;92;81;184;44,0;9,01;190;275;-1,21;90
9;580271;6990;775;92;82;184;44,3;9,01;188;275;-1,30;90
9;580775;6996;776;93;82;184;44,6;9,01;187;275;-1,36;90
9;581279;7002;777;93;81;184;43,7;9,01;191;275;-1,14;90
9;581783;7008;778;93;80;184;43,3;9,01;193;275;-1,05;90
9;582287;7014;778;93;80;184;43,3;9,01;193;275;-1,04;90
9;582791;7020;779;93;82;184;44,3;9,01;188;275;-1,30;90
9;583295;7027;780;93;82;184;44,5;9,01;188;275;-1,35;90
9;583800;7033;780;93;82;184;44,4;9,01;188;275;-1,31;90
9;584304;7039;781;94;82;184;44,6;9,01;187;275;-1,36;90
9;584808;7045;782;94;81;184;44,1;9,01;190;275;-1,23;90
9;585312;7051;782;94;82;184;44,4;9,01;188;275;-1,31;90
9;585816;7058;783;94;83;184;44,6;9,01;187;275;-1,37;90
9;586320;7064;784;94;83;184;44,8;9,01;186;275;-1,43;90
9;586824;7070;784;94;83;184;44,8;9,01;187;275;-1,41;90
9;587328;7076;785;94;82;184;44,5;9,01;188;275;-1,35;90
9;587832;7083;786;95;83;184;45,1;9,01;185;275;-1,50;90
9;588336;7089;787;95;82;185;44,5;9,01;188;275;-1,33;89
9;588840;7095;787;95;83;185;45,0;9,01;186;275;-1,46;89
9;589344;7102;788;95;83;185;45,1;9,01;185;275;-1,51;89
9;589848;7108;789;95;83;185;44,7;9,01;187;275;-1,40;89
9;590352;7114;789;95;82;185;44,1;9,01;189;275;-1,25;89
9;590856;7120;790;95;82;185;44,5;9,01;188;275;-1,35;89
9;591360;7127;791;95;83;186;44,9;9,01;186;275;-1,44;89
9;591864;7133;791;96;83;186;45,1;9,01;185;275;-1,49;89
9;592368;7139;792;96;83;186;44,8;9,01;187;275;-1,41;89
9;592872;7145;793;96;82;186;44,4;9,01;188;275;-1,31;89
9;593376;7152;793;96;82;186;44,1;9,01;189;275;-1,24;89
9;593880;7158;794;96;82;187;44,1;9,01;189;275;-1,25;88
9;594384;7164;795;96;82;187;44,2;9,01;189;275;-1,27;88
9;594888;7170;796;96;82;187;44,2;9,01;189;275;-1,26;88
9;595392;7176;796;97;82;187;44,2;9,01;189;275;-1,26;88
9;595896;7183;797;97;82;187;44,4;9,01;188;275;-1,33;88
9;596400;7189;798;97;82;188;44,3;9,01;189;275;-1,28;88
9;596904;7195;798;97;82;188;44,2;9,01;189;275;-1,26;88
9;597408;7201;799;97;82;188;44,3;9,01;188;275;-1,30;88
9;597912;7207;800;97;82;188;44,2;9,01;189;275;-1,27;88
9;598418;7214;800;97;82;188;44,2;9,01;189;275;-1,26;88
9;598922;7220;801;98;81;188;43,9;9,01;190;275;-1,19;88
9;599426;7226;802;98;81;188;43,9;9,01;190;275;-1,18;88
9;599930;7232;802;98;81;188;43,9;9,01;190;275;-1,20;88
10;600434;7238;803;98;81;188;43,8;9,01;208;300;-0,88;96
10;600938;7244;804;98;81;188;44,0;9,01;207;300;-0,93;96
10;601442;7250;804;98;81;188;43,9;9,01;207;300;-0,91;96
10;601946;7257;805;98;81;189;44,0;9,01;207;300;-0,92;95
10;602450;7263;806;99;82;189;44,5;9,01;205;300;-1,04;95
10;602954;7269;806;99;83;189;44,7;9,01;204;300;-1,11;95
10;603458;7275;807;99;83;188;44,7;9,01;204;300;-1,12;96
10;603962;7282;808;99;83;188;44,8;9,01;203;300;-1,14;96
10;604466;7288;809;99;83;188;44,8;9,01;203;300;-1,13;96
10;604970;7294;809;99;81;188;44,0;9,01;207;300;-0,92;96
10;605474;7300;810;99;80;188;43,5;9,01;210;300;-0,78;96
10;605978;7306;811;100;81;188;43,8;9,01;208;300;-0,88;96
10;606482;7312;811;100;81;188;43,9;9,01;208;300;-0,90;96
10;606986;7319;812;100;81;188;44,0;9,01;207;300;-0,92;96
10;607490;7325;813;100;83;188;44,9;9,01;203;300;-1,15;96
10;607994;7331;813;100;83;188;44,7;9,01;204;300;-1,11;96
10;608498;7337;814;100;82;188;44,6;9,01;204;300;-1,08;96
10;609002;7344;815;101;82;189;44,4;9,01;205;300;-1,04;95
10;609506;7350;815;101;82;189;44,2;9,01;206;300;-0,98;95
10;610010;7356;816;101;81;189;43,8;9,01;208;300;-0,88;95
10;610515;7362;817;101;81;189;43,7;9,01;208;300;-0,85;95
10;611019;7368;817;101;81;189;44,0;9,01;207;300;-0,93;95
10;611523;7374;818;101;82;189;44,2;9,01;206;300;-0,96;95
10;612027;7381;819;101;81;189;44,0;9,01;207;300;-0,93;95
10;612531;7387;820;102;82;189;44,4;9,01;205;300;-1,03;95
10;613035;7393;820;102;82;189;44,1;9,01;207;300;-0,95;95
10;613539;7399;821;102;82;189;44,3;9,01;206;300;-1,01;95
10;614043;7405;822;102;82;190;44,6;9,01;204;300;-1,08;95
10;614547;7412;822;102;81;190;44,1;9,01;207;300;-0,94;95
10;615051;7418;823;102;81;190;43,6;9,01;209;300;-0,82;95
10;615555;7424;824;103;81;190;43,9;9,01;208;300;-0,90;95
10;616059;7430;824;103;82;190;44,6;9,01;205;300;-1,07;95
10;616563;7436;825;103;82;190;44,4;9,01;205;300;-1,03;95
10;617067;7442;826;103;82;190;44,4;9,01;205;300;-1,03;95
10;617571;7449;826;103;83;190;44,7;9,01;204;300;-1,10;95
10;618075;7455;827;103;82;191;44,3;9,01;206;300;-1,01;94
10;618579;7461;828;103;81;191;43,7;9,01;208;300;-0,85;94
10;619083;7467;828;104;81;191;43,8;9,01;208;300;-0,87;94
10;619587;7473;829;104;82;191;44,3;9,01;206;300;-1,00;94
10;620091;7480;830;104;81;191;43,6;9,01;209;300;-0,83;94
10;620595;7486;831;104;81;191;43,7;9,01;208;300;-0,85;94
10;621099;7492;831;104;82;191;44,2;9,01;206;300;-0,97;94
10;621603;7498;832;104;82;191;44,5;9,01;205;300;-1,05;94
10;622107;7504;833;104;82;191;44,6;9,01;204;300;-1,08;94
10;622611;7510;833;105;82;191;44,2;9,01;206;300;-0,98;94
10;623115;7517;834;105;82;191;44,3;9,01;206;300;-1,01;94
10;623619;7523;835;105;82;191;44,2;9,01;206;300;-0,97;94
10;624123;7529;835;105;81;191;43,7;9,01;209;300;-0,85;94
10;624627;7535;836;105;81;191;43,9;9,01;207;300;-0,91;94
10;625131;7541;837;105;82;191;44,3;9,01;206;300;-1,00;94
10;625635;7547;837;106;82;191;44,4;9,01;205;300;-1,03;94
10;626139;7554;838;106;81;191;44,0;9,01;207;300;-0,93;94
10;626643;7560;839;106;82;191;44,2;9,01;206;300;-0,97;94
10;627147;7566;839;106;81;191;43,9;9,01;208;300;-0,90;94
10;627651;7572;840;106;81;191;44,0;9,01;207;300;-0,92;94
10;628155;7578;841;106;83;191;44,9;9,01;203;300;-1,16;94
10;628659;7585;841;106;84;191;45,2;9,01;202;300;-1,25;94
10;629163;7591;842;107;83;191;44,8;9,01;203;300;-1,14;94
10;629667;7597;843;107;82;191;44,5;9,01;205;300;-1,07;94
10;630171;7604;844;107;82;191;44,5;9,01;205;300;-1,07;94
10;630675;7610;844;107;82;191;44,4;9,01;205;300;-1,04;94
10;631179;7616;845;107;81;191;44,1;9,01;207;300;-0,94;94
10;631683;7622;846;107;81;191;44,0;9,01;207;300;-0,92;94
10;632187;7628;846;108;81;191;44,0;9,01;207;300;-0,93;94
10;632691;7634;847;108;83;191;44,6;9,01;204;300;-1,09;94
10;633195;7641;848;108;83;191;45,0;9,01;203;300;-1,17;94
10;633699;7647;848;108;83;191;45,1;9,01;202;300;-1,21;94
10;634203;7653;849;108;84;191;45,4;9,01;201;300;-1,28;94
10;634707;7660;850;108;84;191;45,4;9,01;201;300;-1,30;94
10;635211;7666;851;108;83;191;45,1;9,01;202;300;-1,22;94
10;635715;7672;851;109;82;191;44,1;9,01;207;300;-0,95;94
10;636219;7679;852;109;83;191;44,7;9,01;204;300;-1,11;94
10;636723;7685;853;109;84;191;45,2;9,01;202;300;-1,23;94
10;637227;7691;853;109;83;191;45,0;9,01;203;300;-1,18;94
10;637731;7697;854;109;83;191;45,1;9,01;202;300;-1,21;94
10;638235;7704;855;109;83;191;45,1;9,01;202;300;-1,22;94
10;638739;7710;855;109;83;191;45,1;9,01;202;300;-1,22;94
10;639243;7716;856;110;84;191;45,4;9,01;201;300;-1,30;94
10;639747;7723;857;110;83;191;45,1;9,01;202;300;-1,23;94
10;640251;7729;858;110;83;191;45,0;9,01;203;300;-1,18;94
10;640755;7735;858;110;83;191;44,7;9,01;204;300;-1,12;94
10;641259;7742;859;110;82;191;44,3;9,01;206;300;-1,00;94
10;641777;7748;860;110;81;191;44,0;9,01;207;300;-0,93;94
10;642282;7754;860;111;81;191;43,9;9,01;208;300;-0,90;94
10;642786;7760;861;111;82;191;44,3;9,01;206;300;-1,02;94
10;643290;7766;862;111;83;192;44,7;9,01;204;300;-1,12;94
10;643794;7773;862;111;83;192;44,7;9,01;204;300;-1,10;94
10;644298;7779;863;111;83;192;44,8;9,01;204;300;-1,12;94
10;644802;7785;864;111;82;192;44,1;9,01;207;300;-0,95;94
10;645306;7791;864;111;82;192;44,4;9,01;205;300;-1,04;94
10;645810;7798;865;112;82;192;44,5;9,01;205;300;-1,05;94
10;646314;7804;866;112;83;192;45,1;9,01;202;300;-1,21;94
10;646818;7810;867;112;83;192;44,8;9,01;203;300;-1,14;94
10;647322;7816;867;112;83;193;45,1;9,01;202;300;-1,20;93
10;647826;7823;868;112;83;193;44,9;9,01;203;300;-1,15;93
10;648330;7829;869;112;83;193;44,9;9,01;203;300;-1,16;93
10;648834;7835;869;113;82;192;44,4;9,01;205;300;-1,04;94
10;649338;7842;870;113;82;192;44,4;9,01;205;300;-1,03;94
10;649842;7848;871;113;82;192;44,5;9,01;205;300;-1,05;94
10;650346;7854;871;113;83;192;45,1;9,01;202;300;-1,21;94
10;650850;7860;872;113;85;192;45,7;9,01;199;300;-1,38;94
10;651354;7867;873;113;85;192;46,1;9,01;198;300;-1,47;94
10;651858;7873;874;113;84;192;45,4;9,01;201;300;-1,30;94
10;652362;7880;874;114;83;192;44,8;9,01;203;300;-1,14;94
10;652866;7886;875;114;83;192;44,9;9,01;203;300;-1,15;94
10;653370;7892;876;114;83;191;44,9;9,01;203;300;-1,16;94
10;653874;7898;876;114;83;191;44,7;9,01;204;300;-1,11;94
10;654378;7905;877;114;82;191;44,6;9,01;204;300;-1,08;94
10;654882;7911;878;114;82;192;44,3;9,01;206;300;-1,01;94
10;655386;7917;878;114;83;192;44,8;9,01;204;300;-1,12;94
10;655890;7923;879;115;83;191;44,7;9,01;204;300;-1,11;94
10;656394;7930;880;115;82;191;44,6;9,01;204;300;-1,07;94
10;656898;7936;880;115;84;191;45,2;9,01;201;300;-1,25;94
10;657402;7942;881;115;84;191;45,6;9,01;200;300;-1,35;94
10;657906;7949;882;115;84;191;45,4;9,01;201;300;-1,29;94
10;658410;7955;883;115;83;191;45,0;9,01;203;300;-1,18;94
10;658914;7961;883;116;83;191;44,9;9,01;203;300;-1,17;94
10;659418;7968;884;116;83;191;44,7;9,01;204;300;-1,12;94
10;659922;7974;885;116;83;191;44,8;9,01;203;300;-1,13;94
11;660426;7980;885;116;83;191;44,9;9,01;220;325;-0,88;102
11;660930;7986;886;116;82;191;44,5;9,01;222;325;-0,77;102
11;661434;7993;887;116;82;191;44,5;9,01;222;325;-0,78;102
11;661938;7999;887;116;83;191;45,1;9,01;219;325;-0,94;102
11;662442;8005;888;117;83;191;44,8;9,01;220;325;-0,85;102
11;662946;8011;889;117;82;191;44,2;9,01;224;325;-0,68;102
11;663450;8018;890;117;83;191;44,7;9,01;221;325;-0,82;102
11;663954;8024;890;117;83;191;45,1;9,01;219;325;-0,93;102
11;664458;8030;891;117;84;191;45,3;9,01;218;325;-0,98;102
11;664962;8037;892;117;83;191;44,8;9,01;220;325;-0,85;102
11;665466;8043;892;118;82;191;44,3;9,01;223;325;-0,71;102
11;665970;8049;893;118;81;191;44,0;9,01;224;325;-0,65;102
11;666474;8055;894;118;82;191;44,3;9,01;223;325;-0,73;102
11;666978;8061;894;118;82;191;44,6;9,01;222;325;-0,79;102
11;667482;8068;895;118;83;191;44,7;9,01;221;325;-0,82;102
11;667986;8074;896;118;82;191;44,5;9,01;222;325;-0,78;102
11;668490;8080;896;119;82;191;44,1;9,01;224;325;-0,67;102
11;668994;8086;897;119;82;192;44,5;9,01;222;325;-0,78;102
11;669498;8092;898;119;83;192;44,9;9,01;220;325;-0,87;102
11;670002;8099;899;119;82;192;44,2;9,01;223;325;-0,69;102
11;670506;8105;899;119;82;192;44,1;9,01;224;325;-0,66;102
11;671010;8111;900;119;82;192;44,2;9,01;223;325;-0,69;102
11;671514;8117;901;120;82;192;44,5;9,01;222;325;-0,77;102
11;672018;8124;901;120;82;192;44,2;9,01;223;325;-0,69;102
11;672522;8130;902;120;81;192;44,0;9,01;224;325;-0,64;102
11;673026;8136;903;120;82;193;44,6;9,01;221;325;-0,79;101
11;673530;8142;903;120;84;193;45,2;9,01;218;325;-0,96;101
11;674034;8148;904;120;83;193;45,1;9,01;219;325;-0,92;101
11;674538;8155;905;121;83;193;44,7;9,01;221;325;-0,81;101
11;675042;8161;905;121;82;194;44,3;9,01;223;325;-0,72;101
11;675546;8167;906;121;81;194;43,8;9,01;226;325;-0,57;101
11;676050;8173;907;121;81;194;43,8;9,01;225;325;-0,59;101
11;676554;8179;907;121;81;194;43,9;9,01;225;325;-0,62;101
11;677058;8186;908;121;83;194;44,7;9,01;221;325;-0,82;101
11;677562;8192;909;122;82;194;44,5;9,01;222;325;-0,76;101
11;678066;8198;910;122;83;194;44,7;9,01;221;325;-0,83;101
11;678570;8204;910;122;84;194;45,5;9,01;217;325;-1,03;101
11;679074;8211;911;122;84;194;45,2;9,01;218;325;-0,97;101
11;679578;8217;912;122;84;194;45,2;9,01;219;325;-0,95;101
11;680082;8223;912;122;82;194;44,2;9,01;223;325;-0,69;101
11;680586;8230;913;123;81;194;44,1;9,01;224;325;-0,65;101
11;681090;8236;914;123;82;194;44,4;9,01;223;325;-0,73;101
11;681594;8242;914;123;82;194;44,6;9,01;221;325;-0,79;101
11;682098;8248;915;123;83;194;44,8;9,01;220;325;-0,85;101
11;682602;8255;916;123;82;194;44,4;9,01;222;325;-0,74;101
11;683106;8261;916;123;81;194;43,9;9,01;225;325;-0,60;101
11;683611;8267;917;124;81;194;44,0;9,01;224;325;-0,63;101
11;684116;8273;918;124;83;194;44,9;9,01;220;325;-0,88;101
11;684620;8279;919;124;83;194;45,1;9,01;219;325;-0,94;101
11;685124;8286;919;124;83;194;44,9;9,01;220;325;-0,87;101
11;685628;8292;920;124;83;194;44,9;9,01;220;325;-0,86;101
11;686132;8298;921;124;82;194;44,5;9,01;222;325;-0,76;101
11;686636;8304;921;125;82;194;44,3;9,01;223;325;-0,73;101
11;687140;8311;922;125;81;194;43,8;9,01;225;325;-0,58;101
11;687644;8317;923;125;81;194;43,7;9,01;226;325;-0,55;101
11;688148;8323;923;125;82;194;44,3;9,01;223;325;-0,72;101
11;688652;8329;924;125;83;194;45,0;9,01;220;325;-0,89;101
11;689156;8335;925;125;83;194;45,0;9,01;220;325;-0,90;101
11;689660;8342;925;125;82;194;44,6;9,01;221;325;-0,80;101
11;690164;8348;926;126;83;194;44,9;9,01;220;325;-0,88;101
11;690668;8354;927;126;83;194;44,7;9,01;221;325;-0,82;101
11;691172;8360;928;126;83;194;44,8;9,01;221;325;-0,84;101
11;691676;8367;928;126;82;193;44,5;9,01;222;325;-0,76;101
11;692180;8373;929;126;85;193;46,0;9,01;215;325;-1,17;101
11;692684;8380;930;126;88;193;47,6;9,01;208;325;-1,59;101
11;693188;8386;930;127;87;193;47,2;9,01;209;325;-1,50;101
11;693692;8393;931;127;85;193;46,0;9,01;215;325;-1,16;101
11;694196;8399;932;127;85;193;45,9;9,01;215;325;-1,15;101
11;694700;8406;933;127;85;193;46,2;9,01;214;325;-1,22;101
11;695204;8412;933;127;82;194;44,4;9,01;222;325;-0,75;101
11;695708;8418;934;127;81;194;44,1;9,01;224;325;-0,65;101
11;696212;8424;935;128;81;194;43,8;9,01;226;325;-0,57;101
11;696716;8431;935;128;82;194;44,2;9,01;223;325;-0,68;101
11;697220;8437;936;128;82;194;44,4;9,01;222;325;-0,73;101
11;697724;8443;937;128;83;194;44,9;9,01;220;325;-0,87;101
11;698228;8449;937;128;83;194;44,7;9,01;221;325;-0,83;101
11;698732;8455;938;128;83;194;44,9;9,01;220;325;-0,87;101
11;699236;8462;939;129;81;194;44,0;9,01;224;325;-0,63;101
11;699740;8468;939;129;83;194;44,6;9,01;221;325;-0,81;101
11;700244;8474;940;129;86;194;46,3;9,01;213;325;-1,25;101
11;700748;8481;941;129;87;194;46,9;9,01;211;325;-1,40;101
11;701252;8487;942;129;85;194;45,8;9,01;216;325;-1,12;101
11;701756;8494;942;129;83;194;44,8;9,01;221;325;-0,84;101
11;702260;8500;943;130;84;194;45,4;9,01;217;325;-1,01;101
11;702764;8506;944;130;83;194;45,1;9,01;219;325;-0,94;101
11;703268;8513;944;130;84;194;45,4;9,01;218;325;-1,00;101
11;703772;8519;945;130;84;194;45,4;9,01;218;325;-1,01;101
11;704276;8525;946;130;83;194;44,9;9,01;220;325;-0,87;101
11;704780;8532;947;130;82;194;44,5;9,01;222;325;-0,77;101
11;705284;8538;947;131;83;194;44,9;9,01;220;325;-0,87;101
11;705788;8544;948;131;92;194;49,6;9,01;199;325;-2,14;101
11;706292;8551;949;131;100;194;53,9;9,01;183;325;-3,33;101
11;706796;8559;950;131;101;194;54,8;9,01;180;325;-3,59;101
11;707300;8567;950;131;99;194;53,6;9,01;184;325;-3,25;101
11;707804;8574;951;131;97;194;52,2;9,01;189;325;-2,87;101
11;708308;8581;952;132;92;194;49,9;9,01;198;325;-2,23;101
11;708812;8588;953;132;85;194;46,2;9,01;214;325;-1,22;101
11;709316;8594;954;132;82;194;44,3;9,01;223;325;-0,72;101
11;709820;8601;954;132;83;194;45,0;9,01;219;325;-0,90;101
11;710324;8607;955;132;82;194;44,4;9,01;222;325;-0,74;101
11;710828;8613;956;132;83;194;44,8;9,01;221;325;-0,84;101
11;711332;8619;956;133;83;194;44,7;9,01;221;325;-0,82;101
11;711836;8626;957;133;82;195;44,6;9,01;221;325;-0,79;100
11;712340;8632;958;133;82;195;44,2;9,01;223;325;-0,69;100
11;712844;8638;958;133;81;195;44,0;9,01;224;325;-0,64;100
11;713348;8644;959;133;82;195;44,5;9,01;222;325;-0,76;100
11;713852;8651;960;133;83;195;44,7;9,01;221;325;-0,81;100
11;714356;8657;960;134;83;195;45,1;9,01;219;325;-0,92;100
11;714860;8663;961;134;83;195;45,1;9,01;219;325;-0,93;100
11;715364;8669;962;134;82;195;44,3;9,01;223;325;-0,70;100
11;715868;8676;963;134;81;195;43,7;9,01;226;325;-0,56;100
11;716372;8682;963;134;82;195;44,5;9,01;222;325;-0,77;100
11;716876;8688;964;134;83;195;44,8;9,01;221;325;-0,84;100
11;717380;8694;965;134;83;195;44,9;9,01;220;325;-0,89;100
11;717884;8701;965;135;83;195;45,0;9,01;220;325;-0,89;100
11;718388;8707;966;135;83;195;45,0;9,01;219;325;-0,90;100
11;718892;8713;967;135;82;195;44,6;9,01;221;325;-0,80;100
11;719396;8719;967;135;82;195;44,6;9,01;221;325;-0,80;100
11;719900;8726;968;135;83;195;45,0;9,01;219;325;-0,91;100
12;720404;8732;969;135;84;194;45,5;9,01;234;350;-0,76;108
12;720908;8738;969;136;84;194;45,2;9,01;235;350;-0,68;108
12;721412;8745;970;136;82;194;44,6;9,01;238;350;-0,51;108
12;721916;8751;971;136;82;194;44,4;9,01;239;350;-0,46;108
12;722420;8757;972;136;82;194;44,2;9,01;240;350;-0,40;108
12;722924;8763;972;136;81;194;43,9;9,01;242;350;-0,31;108
12;723428;8769;973;137;82;194;44,4;9,01;240;350;-0,45;108
12;723932;8776;974;137;84;194;45,2;9,01;235;350;-0,68;108
12;724436;8782;974;137;84;194;45,4;9,01;234;350;-0,72;108
12;724940;8788;975;137;83;194;44,9;9,01;237;350;-0,58;108
12;725444;8795;976;137;82;194;44,5;9,01;239;350;-0,49;108
12;725948;8801;976;137;82;194;44,4;9,01;239;350;-0,46;108
12;726452;8807;977;138;82;194;44,5;9,01;239;350;-0,48;108
12;726956;8813;978;138;82;194;44,6;9,01;238;350;-0,51;108
12;727460;8819;978;138;81;195;43,6;9,01;244;350;-0,24;108
12;727964;8826;979;138;80;195;43,3;9,01;245;350;-0,16;108
12;728468;8832;980;138;82;195;44,2;9,01;241;350;-0,39;108
12;728972;8838;981;138;83;195;44,8;9,01;237;350;-0,57;108
12;729476;8844;981;139;85;195;45,7;9,01;232;350;-0,82;108
12;729980;8851;982;139;84;195;45,2;9,01;235;350;-0,68;108
12;730484;8857;983;139;82;195;44,3;9,01;240;350;-0,42;108
12;730988;8863;983;139;81;195;43,8;9,01;243;350;-0,29;108
12;731492;8869;984;139;81;195;43,8;9,01;242;350;-0,30;108
12;731996;8875;985;140;81;195;44,1;9,01;241;350;-0,36;108
12;732500;8881;985;140;81;195;44,0;9,01;241;350;-0,35;108
12;733004;8888;986;140;81;196;43,8;9,01;243;350;-0,29;107
12;733508;8894;987;140;80;196;43,5;9,01;245;350;-0,20;107
12;734012;8900;987;140;81;196;43,6;9,01;244;350;-0,24;107
12;734516;8906;988;140;82;196;44,2;9,01;241;350;-0,39;107
12;735020;8912;989;141;83;196;44,8;9,01;237;350;-0,57;107
12;735524;8918;989;141;83;197;44,7;9,01;238;350;-0,54;107
12;736028;8925;990;141;82;197;44,4;9,01;239;350;-0,46;107
12;736532;8931;991;141;83;197;44,9;9,01;237;350;-0,58;107
12;737036;8937;992;141;83;197;44,8;9,01;237;350;-0,57;107
12;737540;8943;992;141;83;197;44,8;9,01;237;350;-0,57;107
12;738044;8950;993;142;82;197;44,3;9,01;240;350;-0,42;107
12;738548;8956;994;142;81;197;43,9;9,01;242;350;-0,32;107
12;739052;8962;994;142;81;197;44,0;9,01;242;350;-0,33;107
12;739556;8968;995;142;81;197;43,8;9,01;243;350;-0,28;107
12;740060;8974;996;142;81;197;43,8;9,01;243;350;-0,30;107
12;740564;8981;996;143;81;197;44,1;9,01;241;350;-0,36;107
12;741068;8987;997;143;83;197;44,6;9,01;238;350;-0,52;107
12;741572;8993;998;143;83;197;44,7;9,01;238;350;-0,55;107
12;742076;8999;998;143;84;197;45,2;9,01;235;350;-0,67;107
12;742580;9006;999;143;83;197;45,1;9,01;236;350;-0,66;107
12;743084;9012;1000;143;83;197;44,8;9,01;237;350;-0,57;107
12;743588;9018;1001;144;83;197;45,1;9,01;236;350;-0,66;107
12;744092;9024;1001;144;83;197;44,8;9,01;237;350;-0,56;107
12;744596;9031;1002;144;83;197;44,6;9,01;238;350;-0,52;107
12;745100;9037;1003;144;82;197;44,2;9,01;241;350;-0,39;107
12;745604;9043;1003;144;81;197;43,9;9,01;242;350;-0,31;107
12;746108;9049;1004;144;80;197;43,1;9,01;247;350;-0,10;107
12;746612;9055;1005;145;79;197;42,5;9,01;250;350;0,08;107
12;747116;9061;1005;145;80;197;43,4;9,01;245;350;-0,19;107
12;747636;9068;1006;145;82;198;44,1;9,01;241;350;-0,37;106
12;748140;9074;1007;145;83;198;44,8;9,01;237;350;-0,56;106
12;748644;9080;1007;145;84;198;45,2;9,01;235;350;-0,68;106
12;749148;9086;1008;146;83;198;45,0;9,01;236;350;-0,63;106
12;749652;9093;1009;146;82;198;44,4;9,01;240;350;-0,45;106
12;750156;9099;1009;146;82;198;44,5;9,01;239;350;-0,49;106
12;750660;9105;1010;146;82;198;44,2;9,01;240;350;-0,41;106
12;751164;9111;1011;146;81;198;43,8;9,01;243;350;-0,29;106
12;751668;9117;1012;146;81;198;44,0;9,01;242;350;-0,35;106
12;752172;9124;1012;147;80;198;43,5;9,01;245;350;-0,20;106
12;752676;9130;1013;147;79;198;42,8;9,01;248;350;-0,01;106
12;753180;9136;1014;147;80;198;43,2;9,01;246;350;-0,12;106
12;753684;9142;1014;147;83;198;45,0;9,01;236;350;-0,62;106
12;754188;9148;1015;147;85;198;46,1;9,01;231;350;-0,91;106
12;754692;9154;1016;147;84;198;45,4;9,01;234;350;-0,74;106
12;755196;9161;1016;148;84;198;45,2;9,01;235;350;-0,66;106
12;755700;9167;1017;148;82;198;44,3;9,01;240;350;-0,44;106
12;756204;9173;1018;148;81;198;43,8;9,01;243;350;-0,29;106
12;756708;9179;1018;148;81;198;43,7;9,01;243;350;-0,26;106
12;757212;9186;1019;148;81;198;43,8;9,01;243;350;-0,29;106
12;757716;9192;1020;149;82;198;44,4;9,01;240;350;-0,45;106
12;758220;9198;1020;149;83;199;44,9;9,01;237;350;-0,60;106
12;758724;9204;1021;149;84;199;45,4;9,01;234;350;-0,72;106
12;759228;9211;1022;149;84;199;45,4;9,01;234;350;-0,73;106
12;759732;9217;1023;149;83;199;45,0;9,01;236;350;-0,62;106
12;760236;9223;1023;149;82;199;44,5;9,01;239;350;-0,49;106
12;760740;9229;1024;150;82;199;44,6;9,01;238;350;-0,51;106
12;761244;9236;1025;150;83;199;44,9;9,01;237;350;-0,58;106
12;761748;9242;1025;150;83;199;44,8;9,01;237;350;-0,56;106
12;762252;9248;1026;150;83;199;45,1;9,01;236;350;-0,64;106
12;762756;9255;1027;150;84;200;45,3;9,01;235;350;-0,71;105
12;763260;9261;1027;150;84;200;45,3;9,01;235;350;-0,71;105
12;763764;9267;1028;151;83;200;45,0;9,01;236;350;-0,63;105
12;764268;9274;1029;151;84;200;45,7;9,01;233;350;-0,80;105
12;764772;9280;1030;151;85;200;45,8;9,01;232;350;-0,85;105
12;765276;9286;1030;151;84;200;45,4;9,01;234;350;-0,74;105
12;765780;9293;1031;151;84;200;45,3;9,01;235;350;-0,71;105
12;766284;9299;1032;152;83;200;45,2;9,01;235;350;-0,66;105
12;766788;9305;1032;152;84;200;45,2;9,01;235;350;-0,66;105
12;767292;9312;1033;152;83;200;44,9;9,01;237;350;-0,59;105
12;767796;9318;1034;152;84;200;45,3;9,01;235;350;-0,70;105
12;768300;9324;1035;152;85;200;45,8;9,01;232;350;-0,85;105
12;768804;9331;1035;152;85;200;46,0;9,01;231;350;-0,89;105
12;769308;9337;1036;153;84;200;45,4;9,01;234;350;-0,74;105
12;769812;9344;1037;153;84;200;45,2;9,01;235;350;-0,67;105
12;770316;9350;1037;153;81;200;43,9;9,01;242;350;-0,33;105
12;770820;9356;1038;153;79;200;43,0;9,01;247;350;-0,06;105
12;771324;9362;1039;153;81;200;43,6;9,01;244;350;-0,23;105
12;771828;9368;1039;153;82;200;44,2;9,01;241;350;-0,39;105
12;772332;9374;1040;154;83;200;44,7;9,01;238;350;-0,55;105
12;772836;9381;1041;154;83;200;44,6;9,01;238;350;-0,51;105
12;773340;9387;1041;154;83;200;44,8;9,01;237;350;-0,58;105
12;773844;9393;1042;154;82;200;44,6;9,01;238;350;-0,51;105
12;774348;9399;1043;154;81;200;44,0;9,01;241;350;-0,36;105
12;774852;9405;1044;155;80;200;43,3;9,01;246;350;-0,15;105
12;775356;9412;1044;155;80;201;43,1;9,01;247;350;-0,09;104
12;775860;9418;1045;155;81;201;43,7;9,01;244;350;-0,25;104
12;776364;9424;1046;155;82;201;44,2;9,01;241;350;-0,40;104
12;776868;9430;1046;155;82;201;44,4;9,01;239;350;-0,46;104
12;777372;9436;1047;155;83;201;44,8;9,01;237;350;-0,57;104
12;777876;9442;1048;156;82;201;44,3;9,01;240;350;-0,43;104
12;778380;9449;1048;156;81;201;43,8;9,01;242;350;-0,30;104
12;778884;9455;1049;156;81;201;43,9;9,01;242;350;-0,32;104
12;779388;9461;1050;156;81;201;43,8;9,01;243;350;-0,30;104
12;779892;9467;1050;156;81;201;43,9;9,01;242;350;-0,33;104
13;780396;9473;1051;156;81;201;43,9;9,01;259;375;-0,03;112
13;780900;9479;1052;157;79;201;43,0;9,01;265;375;0,23;112
13;781404;9485;1052;157;77;201;41,8;9,01;272;375;0,56;112
13;781908;9491;1053;157;78;201;41,9;9,01;272;375;0,52;112
13;782412;9497;1054;157;78;201;42,1;9,01;270;375;0,47;112
13;782916;9503;1054;157;77;201;41,5;9,01;274;375;0,65;112
13;783420;9509;1055;158;77;201;41,4;9,01;275;375;0,67;112
13;783924;9514;1056;158;76;201;40,9;9,01;279;375;0,83;112
13;784428;9520;1056;158;74;201;40,1;9,01;284;375;1,06;112
13;784932;9526;1057;158;73;201;39,4;9,01;289;375;1,24;112
13;785436;9531;1057;158;72;201;39,0;9,01;292;375;1,37;112
13;785940;9537;1058;159;71;201;38,6;9,01;295;375;1,49;112
13;786444;9542;1059;159;69;201;37,5;9,01;304;375;1,81;112
13;786948;9547;1059;159;64;201;34,5;9,01;330;375;2,68;112
13;787452;9552;1060;159;53;201;28,8;9,01;395;375;4,54;112
13;787956;9556;1060;159;40;201;21,8;9,01;276;198;3,26;59
13;788460;9558;1060;159;30;201;16,2;9,01;207;110;2,55;33
13;788964;9561;1061;159;25;201;13,3;9,01;216;94;2,87;28
13;789468;9562;1061;159;24;201;12,8;9,01;160;67;1,95;20
13;789972;9564;1061;160;19;201;10,2;9,01;107;36;1,18;11
13;790476;9566;1061;160;14;201;7,8;9,01;83;21;0,88;6
13;790980;9567;1061;160;14;201;7,5;9,01;61;15;0,52;5
13;791484;9568;1061;160;14;201;7,5;9,01;50;12;0,33;4
13;791988;9569;1062;160;14;201;7,5;9,01;50;12;0,32;4
13;792492;9570;1062;160;14;201;7,5;9,01;50;12;0,32;4
13;792996;9571;1062;160;0;201;0,0;9,01;0;0;0,00;0
